Comment,Label
why was mikes right hand wrap missing at the announcement?,positive
i'm here for the commentsğŸ˜‚ğŸ˜‚ğŸ˜‚ğŸ˜‚ğŸ˜‚ğŸ˜‚ğŸ˜‚ğŸ˜‚ğŸ˜‚ğŸ˜‚ğŸ˜‚ğŸ˜‚ğŸ˜‚ğŸ˜‚ğŸ˜‚ğŸ˜‚ğŸ˜‚ğŸ˜‚ğŸ˜‚ğŸ˜‚,positive
cá»¥ lá»›n tuá»•i thÃ´i chá»© quay láº¡i nÄƒm 18 tuá»•i thÃ¬ cá»¥ sáº½ huá»· diá»‡t táº¥t cáº£â¤â¤â¤mike tyson huyá»n thoáº¡i cá»§a tÃ´iâ¤,positive
"why won't they show the first round where tyson rocked jake so hard that all he could do was hang on tyson for dear life. eyes wide and tongue hangin out. oops, tyson almost forgot the script there. come on, let's show it!!!",positive
"even though it was scripted, tyson won the fight! the fight for life, the fight for himself, well played champ!",positive
ğŸ˜‚ğŸ˜‚ğŸ˜‚ğŸ˜‚ğŸ˜‚ğŸ˜‚ business !!! i know mike tyson got paid by netflixğŸ˜‚ğŸ˜‚ğŸ˜‚ğŸ˜‚and got paid but jake paulğŸ˜‚ğŸ˜‚ğŸ˜‚ğŸ˜‚ğŸ˜‚ wise decision still mike tyson the greatest boxer,positive
"mike you really have to help me restrain it!i will hold myself back, but that is my top priority! i dont want to lose control i am not able to see straight yet!",positive
scripted ğŸ˜‚ğŸ˜‚ğŸ˜‚ğŸ˜‚ lolll,positive
"tyson, he's the number one he's a strong man and i don't respect the jake paul",positive
"i still love mike, the ogs does it for me!! love you mike!â¤â¤â¤",positive
main youtube channel hun mera tag channel hai aapke channel se meri help ho sakti hai nice song nice video,positive
miss you legend â¤,positive
"sir myke tyson u had first attempt in learning (fail) due to any reason (match fixing)now comeback don't forgive yourself because forgiveness is a quality of god and we are not god so,just restart you are just 60 years young ,just bounce back sign once again "" sign the contract baby sign contract "". ppl cry in sympathy for dead in grave but we are not dead so accept no sympathy just bounce back just sign the contract baby sign contract.jai hind jai shri  ram ğŸ™ .",positive
true but tyson is paid by paul so tyson dont aggressive,positive
btw he still badass fighter,positive
both of them won ğŸ˜‚,positive
"with that one-million dollar earning, tyson can live a comfortable life till he dies. if he does not buy tigers to have them as  pets.",positive
tyson didnt want to fight. i am surprised he traded money for his integrity.  he even held back some of his punches. what a shame.,positive
"for a man, winning or losing is not important, as long as you have good sportsmanship.",positive
"i am impressed tyson was able to control his fighter's spirit the entire match.deep down, he must have wanted to throw in one good ol championship punch.",positive
"well, it was not that bad actually!",positive
is this a joke. mike is like 150 years old and that dude nearly got knocked out.,positive
this is scripted because mike tyson is a monster he never stops punching this is scripted,positive
mike wins,positive
mohammed ali is real legendâ¤,positive
"hereâ€™s what none of you want to hear: 1. the jake paul vs. mike tyson fight wasnâ€™t riggedâ€”thereâ€™s no evidence to support that claim. 2. betting experts saw nothing unusual, and the fight played out exactly as expected. 3. 68% of bets were placed on tyson because heâ€™s a legend, and fans bet on him out of nostalgia, not logicâ€”this phenomenon is known in the industry as nostalgia betting. 4. jake paul got fewer individual bets but bigger wagers from serious bettors who understood he was the favorite to win. 5. bookmakers expect and want nostalgia bettingâ€”they profit from it. tyson losing meant most fans lost their money, and the sportsbooks cleaned up. 6. if youâ€™re trying to claim the fight was rigged, youâ€™d have to believe the entire global sports betting industry was in on it. 7. to rig a fight like this, every bookmaker across the world would have to know about it, suppress any signs of betting anomalies, and keep it a secret, which is impossibleâ€”too many people involved, and someone would have blown the whistle. 8. the fact is, the betting data aligns perfectly with expert predictions. 9. thereâ€™s no conspiracy. 10. the fight wasnâ€™t riggedâ€”itâ€™s just how sports and betting work. stop trying to make it something itâ€™s not. why are you being deluded? 1. social media and youtube channels profit from sensationalism. they get views, likes, and ad revenue by pushing conspiracy theories, even when thereâ€™s no evidence to back them up. 2. they prey on emotionsâ€”people donâ€™t like seeing their heroes lose, so they feed you stories to make it seem like thereâ€™s more going on when there isnâ€™t. 3. these channels donâ€™t care about facts. they care about keeping you angry, entertained, and engaged, so you keep watching and clicking. meanwhile, theyâ€™re the ones making money off your outrage.",positive
tyson will always be my hero. jake paul from the weird paul family didn't do anything special. against a 58 year(!) old man. he is a peacock like his brother. well done mike. you did great!,positive
jake paul Ã¨ stato un gran signore e grande rispetto per tison che ha resistito,positive
glad i didn't waste time watching the whole fight.,positive
"imagine that a little boy appears who wants to avenge tyson, like tyson for muhammad ali ğŸ¤”",positive
ludzie zapÅ‚acili aby to zobaczyÄ‡ i zrobiono z nich frajerÃ³w. ğŸ˜‚,positive
tyson threw better punches in the hangover.,positive
"if you think you didn't missed anything, you're right",positive
he is still strong!!,positive
i like my cheese moldy,positive
the commentator already knew it was scripted ğŸ˜‚ğŸ˜‚ğŸ˜‚,positive
i feel privileged after seeing mike tyson back in the ring. hope it counts & he got big bucks for entertaining us yet again ğŸ‰ attaboy ğŸ‘,positive
this real beating  i am from rwanda africa ilike boxing but tyson wanna maney more than win,positive
next we want jake vs stephen hawking,positive
script ğŸ˜‚ğŸ˜‚ğŸ˜‚ğŸ˜‚,positive
"if only mike was financially responsible, he wouldn't be here.",positive
"netflix: great, good, greedy, and goooone.",positive
so the real this is script the real is mike tyson win look in training mike tyson,positive
"i believed this is not a title fight with jake paul , but but mike tyson earned him a 20m dollars . not bad .",positive
i waste my time watching i want mike tyson to win,positive
se fuera el tyson joven seguro ganabağŸ˜€ğŸ‘ğŸ½,positive
tayson very best,positive
tayson best,positive
the moral of this disney channel ahh movie is... 2 respect the ogs ğŸ’ªğŸ¾ğŸ’¯,positive
they must have planned these few moves for a highlight real because this definitely wasn't the fight everyone witnessed.,positive
abhi mike tyson.. budha ho gya yaar .. uske .. javani me boxing karta to .. tujhe boxing karne layak nahi chhod ta ğŸ˜…ğŸ˜‚,positive
mike tyson  i love you â¤ winner,positive
the fact jake paul thought it was a fair fight(mike was around 50 yr and jake is like 20 or something idk),positive
bob sapp is next in the line ğŸ˜…,positive
it was all scriptedğŸ˜…,positive
pitiful ğŸ˜‚ğŸ˜‚ğŸ˜‚ğŸ˜‚,positive
shortest  highlight reel ever,positive
this was rigged mike could have let go and he didnâ€™t this is crazy but i mean still to be safe because his age iâ€™m not mad but he might could have knocked him out but this is all a show with this jake paul guy he pays these guys to fight him and itâ€™s a show tyson took them shots and he acted like he didnâ€™t no how go fight probably said go head go crazy first two rounds show your stuff than we gonna play it safe let me tap yo coople times lol,positive
"mike was winning again in my opinion.  the only time mike will lose is when i see him in the floor nocked out by ko , but not until that tome . we'll done mike , you r still the king of boxing .",positive
"no evidence either way... i believe (like 99% of people) that it was rigged, but they both won financially...fair play to jake (i'm truly not a fan of his), but he's played the whole world over the past 10 years...if you believe he has fights scripted (like i believe so) then you watch said fights, and then throw a fit after the final bell.... well, then the joke is on you ğŸ˜‚by the way snowflakes, newsflash: scripted/rigged sports has been a thing for literally hundreds of years. it didn't start with fake paul ğŸ‘ğŸ» now go cry.",positive
even at his age tyson is still a savage that shouldn't be fucked with,positive
"someone please help me understand, what was the point of this fight? were they beefing or itâ€™s  just entertainment?",positive
bank account is really winner ğŸ†,positive
fight a boxer your age and see who wins,positive
netflix is a joke. they are a bunch of idiots that dont know what their viewers want. obviously because someone that isnt qualified to lead is in charge,positive
"i love tysonâ€™s boxing technique i get goosebumps watching his moves.paul has no technique he just fights like a streetfighter.huge respect for tyson who is almost 60 years old and still fighting like before, i bet jake paul is not going to even continue fighting at his 40th yearğŸ˜‚",positive
"you are bad actor mikei do my best ok, the last time a chinese dude beat me and everyone love it",positive
i know jack was going to winğŸ‰,positive
"this was not a rigged fight. lolthey were definitely fighting, being strategic and mike is old. why is everything a conspiracy with you internet professors. lmao",positive
still the whay tyson moves at his age is beautiful,positive
"what a shamed,, how many years the age difference again???? lol lol lol lol please tag jake paul ğŸ¤£ğŸ¤£ğŸ¤£ğŸ¤£ğŸ¤£ğŸ¤£ğŸ¤£ğŸ¤£ğŸ¤£ğŸ¤£ğŸ¤£ğŸ¤£ğŸ¤£ğŸ¤£ğŸ¤£ğŸ¤£ğŸ¤£ğŸ¤£ğŸ¤£",positive
tysonğŸ–¤,positive
it's a shame ğŸ˜‚ğŸ˜‚,positive
mike en su momento era indestructible. el Ãºnico que lo venciÃ³ fue el tiempo,positive
"hay mucha diferencia de tecnica y potencia, se ve muy superior aun tyson, pero no podia ganar , parece que era la condicion para pagarle .",positive
"the fight is fakem mike got his 20 lemons. but you can tell from uis face, his moooves he doesn't undersand what is happening, he diesnt trust himself after fight. definitely the fight is fake. but mike got big surprise first time. jake please coool down, you will get your mobey ğŸ˜‚ now i see tysons tiger unhappy wateing for a play :)",positive
i never watched. i knew better. can't believe how much people pay to see this though. should have did a celebrity bout like elon vs zuckerberg ğŸ¤”,positive
i've definitely come to the conclusion that the fight was a fix.so netflix could cash in and a big grand opening.and have other fights lined up,positive
"acabaram definitivamente com o esporte, ja foi o futebol, o basquetebol, o box vamos atras de mais um....ğŸ˜‚ğŸ˜‚ğŸ˜‚ hoje a frase Ã© os Ãºltimos serÃ£o os primeiros ou ao menos terÃ£o prÃªmio tambÃ©m ğŸ˜‚ğŸ˜‚ğŸ˜‚ğŸ˜‚ğŸ˜‚ğŸ˜‚",positive
"jake paul is a nobody he erects his  own self-absorbed  reputation like a sponge, sucking up the creativity of those he challenges. in a social media game, not reality.",positive
"lmao wait what, he couldn't even ko an old retired man? sure, ""win""",positive
we live in a world where mayweather couldn't knock out logan paul and tyson couldn't knock out jake paul. ğŸ˜²,positive
tyson is best forever.,positive
mike don't fight again,positive
pov jake paul when he sees a group of old people and retired boxer: another worthy opponent ğŸ˜ˆ,positive
paul looks like heâ€™s afraid the tyson is going to change his mind about hanging back.,positive
i would like to thank mike tyson and jake paul for this whole comments section.,positive
"this was exactly as they promoted it, a netflix show",positive
i'm not a boxing expert but paul's gloves seem pretty low ...,positive
what's the age difference? if paul is fighting at heavyweight now i think he should fight one of the current heavyweight contenders or champ. it's only fair.,positive
won by points ğŸ˜‚,positive
we are foolish ğŸ˜‚ğŸ˜‚ they are deal his à¤¬à¤¿à¥›à¤¨à¥‡à¤¸ ğŸ˜‚ğŸ˜‚,positive
mike should have won jake paul sucks,positive
just fun to all fans of mike iron tyson.....still you are d best fighter...,positive
tyson still wins ğŸ‰,positive
i am torn. it looked like tyson was injured in his leg but i don't know. jake could have caused it. everyone wanted tyson to win to shut jake down but jake is young and hungry and mike is old. well we've had a white undisputed heavyweight champion for 20 years. everyone might as well get used to it.,positive
â¤â¤ toopppp tayson,positive
it was hilarious tyson almost weaving and diving on instinct and stopping biting the gloves going back to jakes range,positive
do you understand  what's going on â¤â¤,positive
hey everybody...this is just a show â¤â¤â¤but not a fight......so make can take home  20 million dollars â¤,positive
mike taysonğŸ˜¢â¤,positive
many of the comments have more than 1000 likes,positive
anyone notice jake paul doesn't even keep his gloves up to protect his face? like even amateur boxers should know.,positive
wwe is better than this.......,positive
boxing used to be cool,positive
if mike tyson was in his age then jake knockout in 1st roundğŸ¤£ğŸ¤£,positive
jake paul looks a lot faster . unless of course. tyson punches quicker than the camera. jake paul has been doing great.,positive
tyson selled his talent,positive
this is like a fight between a healthy men in his 20's fighting his granfather we all know would win,positive
mike tyson is 56 years old and jake is only 27 if prime tyson was going to fight jake at 27 y age tyson was goiong to win but now tyson is old and he dont fight that good now so mike tyson won the fight,positive
"jake didn't do anything that would have even hurt mike tyson, if he wasn't already in bad shape. none of jake's punches were anything, but love taps. he's got no power punches, at all. ğŸ™„",positive
tyson is old now. he could easily beat jake if he was in his prime years,positive
atleats champ was getting a clean hits. definitely scripted,positive
mike tyson would win but he didnâ€™t because he retired and he is to old,positive
Ø³Ø¨Ø­Ø§Ù† Ø§Ù„Ù„Ù‡ ÙˆØ¨Ø­Ù…Ø¯Ù‡ â™¥ï¸,positive
is this boxing theme from wwe? ğŸ˜…,positive
that was the highlights???? ridiculouswhat a robbery from this guys. enjoy your millions.,positive
i didn't pay but i still want my money back,positive
nice script,positive
noğŸ˜¢,positive
ty the real legend. this good match i think.,positive
"spectacle siiii dur Ã  regarder, pour tout fan invÃ©tÃ©rÃ© de mikey mike ğŸ˜¥",positive
yo jake got the win,positive
adrian: rocky no puedes ganar tienes 60 aÃ±os xd,positive
"haha, just look how mike throw punches ğŸ˜‚ğŸ˜‚ğŸ˜‚ like he dont want to hit at all, 1 legit punch and jake is out",positive
"i think his punch still strong. stronger than jake biatchy. problem is his conditioning. getting exhausted so quickly. train, focus on improving conditioning and then fight again and show us, prove us that u r still iron mike ğŸ‰",positive
bro jake paul wins but the hand of mike tyson like where's my money jake paul,positive
bro mike tyson is oldğŸ˜…,positive
"hope tyson humbles himself about all that talking about beating mayweather in his current age, dude lost to a youtuber who boxes for funğŸ˜‚",positive
i don't think it was riged looked more like jake paul forgave mike tyson life in the 3rd round jake connected a 3 jab combo and he could finished with a cross but you can tell how he pulled back on throwing it,positive
next i want to see a match between a 5 year old and jake paul ğŸ˜‚,positive
everyone who thought that tyson would win probably also thought that kamala would. god this fight was so overblown and obviously promoted as a payday for everyone involved. those that thought tyson would beat someone half his age should keep quiet next time.,positive
"but still. check out those swings on tyson, he's still number one",positive
so disgraceful when tyson put out his hand at the end to shake but jake just ignored it and focused on his god awful celebration.thank god i didn't watch it that day. saved me some good sleep,positive
"thats fake, mike tyson is the real winner.",positive
ayy okay okay,positive
tyson got the money tyson win â¤â¤â¤,positive
"jake maybe win the match, but mike win the people ğŸ”¥",positive
quÃ© cosa tan mÃ¡s ridÃ­cula el caso es darle fama a cualquier cabrÃ³nğŸ˜‚ğŸ˜‚ğŸ˜‚,positive
if only mike could win not trynna be rude to jake but im a mike tyson person,positive
i have a lot more respect now for jake paul. i think he was the one holding back. tyson looked very tired after round 2 and i think paul didn't wana be the guy killed tyson. just my view but who knows certainly i don't.,positive
the kid can fight regardless what anyone says. i have eyes and im not a jp fan. mike just lost momentum after round 3. how did they stage tyson's legs being wobbly? tyson isnt that healthy to begin with he should have waited another 6 months to prepare but that 20 million was to lucrative to pass up. congrats mike.,positive
ğŸ˜‚ğŸ˜‚ jake paul is a joke son mike tyson in his prime would have sent him to the shadow realm in one uppercut ğŸ˜‚ğŸ˜‚ğŸ˜‚ gtf outa here...,positive
"just because jake paul won, that doesnâ€™t mean that our legend is not a king because he still is, stay strong mike!",positive
genetics and athletes keep evolving over time even the ufc fighters are way more intense then they were 10 yrs ago so obviously tyson didn't stand a chance against someone half his age that has been training his whole boxing career where tyson been training for 6 months and hasn't been training before hand,positive
look.. personally i would have paid good money to see mike tyson wreck his world. because let's face it he deserves a good humbling,positive
awesome fight!,positive
wow we all know he didnt earn that he def paid off the ref,positive
"if mike tyson was younger, he had a very good chance of losing to jack.",positive
"i saw just now the highlight, and i am glad i didn't pay a penny for the circus, boring",positive
"tyson may have lost, but watching him compete hard for every round, not giving up his to age or his younger, more agile opponent, was the real win in my eyes. the discipline and dedication to train and get back to that shape, after all those decades - thatâ€™s extraordinary.as a 63 year old who still pushes himself all the time, i can relate to the physical and mental demands such a comeback requires.",positive
tyson the best!,positive
this fight was embarrassing for both parties all for payment hope that 30k lasts buddy ğŸ˜‚,positive
tyson won. and was fighting for less money. the passion and effort and heart came from tyson. the judge decision opinion came from who had the most money to win.,positive
je le pensais assagie Ã  sont age triste ğŸ˜¥,positive
"mike : i aint gonna loose, well he was right there, when he went to the cash machine. gota give it to him, hustling was his first sport. genuinely happy for mike.....big fan",positive
these comments are killing me here ğŸ˜‚ğŸ˜…ğŸ˜‚,positive
wow..this was a great waste of my time,positive
"now, i realize that the secret to making a million is saving for better trades. i always tell myself you don't need that new maserati or that vacation just yet. that mindset helped me make more money trading. i traded with 10k in crypto and made about $146k, but guess what? i put it all back and traded again and now i am rounding up close to a million",positive
ğŸ¤£ğŸ¤£ğŸ¤£ğŸ¤£ğŸ¤£power of money. this was boring. wwe anytime over this no sense,positive
insta se kon aaya h like kare,positive
atv59 fighting a younger man with alot of endurance shows how ambitious iron mike is,positive
jutuberrğŸ‘ŒğŸ’ªğŸ‘,positive
man is hawe hard raight end strong hads noo daunnâ¤ğŸ‰,positive
next is mecgregorrğŸ˜‚,positive
ok he says he has talent to win mike why don't he try with other top line contestants,positive
i bet they bribed him or some shot like mike didnt even try,positive
ğŸ˜‚ğŸ˜‚ğŸ˜‚pelea de payasos fue. ya pasÃ³ tu tiempo tyson y jake bajaste tu carrera al suelo.,positive
"putting "" boxing politics "" aside, just from a plain pure boxing analysis, the age difference  and the recent fight expoaure of both fighters are the major differences in the outcome of this fight. im betting for mike from the very start but i know that paul has a high probability his gonna win. not a fair and even fight. i'll just put it this way. a mike at his prime paul will be put to sleep before the end of the first round . he is very lucky if survived and goes to the third . some may agree with me and some may not. what's your take brother?",positive
"jack paul just a dickhead,my wasted sperm ğŸ˜‚ğŸ˜‚ğŸ˜‚ğŸ˜‚",positive
brody felt good about beating someone who didn't box for 19 years what a joke,positive
can't believe anyone knocking tyson. duy is 60. in fantastic shape. any of you to throw stones can go look in the mirror at 58. won't be close to him,positive
why would you feel happy about this win..... he can't beat someone his age so he fights someone that shouldn't even be fighting anymore.... yea that's something i'd be proud of. what a joke. the paul brothers are both gross!,positive
"i mean, tyson is pretty good for his age, reminder that he is 58",positive
i dropped out on round 1 after seeing jake running around the ring. lol,positive
lawan aki aki brooğŸ˜‚,positive
"he is a hero this mike tyson,, at the  age of 58 still fighting looking very strong if he was at the same age as jake paul,he would knock this man in a first round",positive
got a great 8 hours of sleep. watched this in 2.5 minutes... still felt like a waste of time.,positive
love you mike â¤ï¸ buttonğŸ‘‡,positive
"a very costly publicity, isnâ€™t it? i mean, tyson got the $ and paul got the ğŸ¥ğŸï¸. netflix got more subscribers and i leant greatest lesson of a lifetimeâ€¦",positive
Ù…Ù‡Ø²Ù„Ø© Ù‚Ø±ÙŠØ¨Ø§ Ø¬Ø§ÙŠÙƒ Ø³ÙŠÙ‚Ø§ØªÙ„ Ø¬Ø¯ÙŠ...ğŸ˜‚,positive
tyson Ã© bom Ã© uma lenda desse esporte mas pra mim antes nÃ£o existe ninguÃ©m prÃ³x de  ali e holidield e rocky balboa ğŸ˜…ğŸ˜…ğŸ˜…ğŸ˜…,positive
tyson is getting old. for me he is the bestâ¤â¤,positive
staged theater.. ğŸ˜‚ğŸ˜‚je,positive
"tÃ¼rkiyeâ€™nin tÃ¼m sorunlarÄ±nÄ± Ã§Ã¶zmek iÃ§in kapsamlÄ± bir anayasa taslaÄŸÄ± hazÄ±rlamak, her sorunu detaylÄ± ÅŸekilde ele almayÄ± gerektirir. aÅŸaÄŸÄ±da, tÃ¼rkiyeâ€™deki mevcut toplumsal, ekonomik ve siyasi sorunlara Ã§Ã¶zÃ¼m Ã¶nerileri sunan anayasa maddeleri bulunmaktadÄ±r. bu maddeler, tÃ¼m sorunlarÄ± Ã§Ã¶zme amacÄ±nÄ± gÃ¼derek, Ã§eÅŸitli alanlarda dÃ¶nÃ¼ÅŸÃ¼mÃ¼ hedefler.---tÃ¼rkiye cumhuriyeti sosyal ve yapÄ±sal dÃ¶nÃ¼ÅŸÃ¼m anayasasÄ± taslaÄŸÄ±bÃ¶lÃ¼m 1: temel iÌ‡lkeler1. egemenlik ve demokrasiegemenlik kayÄ±tsÄ±z ÅŸartsÄ±z millete aittir. tÃ¼rkiye, demokratik, laik ve sosyal bir hukuk devletidir.her birey, Ã¶zgÃ¼r iradesiyle toplumda eÅŸit haklara sahiptir.2. hukukun Ã¼stÃ¼nlÃ¼ÄŸÃ¼ ve adalethukukun Ã¼stÃ¼nlÃ¼ÄŸÃ¼, baÄŸÄ±msÄ±z yargÄ± ve tarafsÄ±zlÄ±k saÄŸlanacak, her bireyin adil yargÄ±lanma hakkÄ± gÃ¼vence altÄ±na alÄ±nacaktÄ±r.yargÄ±nÄ±n tÃ¼m kararlarÄ± ÅŸeffaf olmalÄ± ve rÃ¼ÅŸvet, yolsuzlukla mÃ¼cadele edilmelidir.3. sosyal adalet ve eÅŸitlikher birey, etnik kÃ¶keni, dini inancÄ±, cinsiyeti, engelliliÄŸi, ekonomik durumu ne olursa olsun, eÅŸit haklara sahip olacak ve ayrÄ±mcÄ±lÄ±k yasaktÄ±r.sosyal yardÄ±mlar ve ekonomik fÄ±rsatlar eÅŸit ÅŸekilde daÄŸÄ±tÄ±lacak, dezavantajlÄ± gruplara Ã¶ncelik verilecektir.---bÃ¶lÃ¼m 2: eÄŸitim ve iÌ‡nsan kaynaklarÄ±4. eÄŸitim hakkÄ± ve kalitesiher birey, yaÅŸ ve ekonomik durumuna bakÄ±lmaksÄ±zÄ±n, Ã¼cretsiz, nitelikli eÄŸitime eriÅŸme hakkÄ±na sahiptir.eÄŸitim sistemi, eleÅŸtirel dÃ¼ÅŸÃ¼nme, yaratÄ±cÄ±lÄ±k, empati ve Ã¶zgÃ¼rlÃ¼k gibi temel deÄŸerlere dayalÄ± olarak yeniden yapÄ±landÄ±rÄ±lacaktÄ±r.kadÄ±nlar, engelliler ve dezavantajlÄ± gruplarÄ±n eÄŸitimde eÅŸit fÄ±rsatlar elde etmeleri saÄŸlanacaktÄ±r.5. bilim, teknoloji ve yenilikÃ§ilikbilimsel araÅŸtÄ±rmalar devletin Ã¶ncelikli alanlarÄ±ndan biri olacak, bilim insanlarÄ±na Ã¶zerklik tanÄ±nacak.teknolojik geliÅŸim ve yenilikÃ§ilik, sadece ekonomik bÃ¼yÃ¼meye deÄŸil, toplumsal eÅŸitliÄŸi saÄŸlamaya yÃ¶nelik olacak.---bÃ¶lÃ¼m 3: ekonomik dÃ¶nÃ¼ÅŸÃ¼m6. sÃ¼rdÃ¼rÃ¼lebilir ekonomi ve adil paylaÅŸÄ±mekonomik bÃ¼yÃ¼me, halkÄ±n tÃ¼m kesimlerine eÅŸit ÅŸekilde daÄŸÄ±tÄ±lacak ve gelir adaletsizliÄŸi ortadan kaldÄ±rÄ±lacaktÄ±r.Ã§alÄ±ÅŸanlarÄ±n haklarÄ± korunacak, asgari Ã¼cret, yaÅŸam standartlarÄ±yla uyumlu olacak.Ã§evre dostu, sÃ¼rdÃ¼rÃ¼lebilir kalkÄ±nma modeli benimsenecek, doÄŸal kaynaklar verimli ve adil kullanÄ±lacaktÄ±r.7. iÌ‡stihdam ve sosyal gÃ¼venlikiÌ‡ÅŸsizlik oranlarÄ± hÄ±zla dÃ¼ÅŸÃ¼rÃ¼lecek, her bireyin istihdam hakkÄ± gÃ¼vence altÄ±na alÄ±nacaktÄ±r.sosyal gÃ¼venlik aÄŸÄ± geniÅŸletilecek, tÃ¼m vatandaÅŸlar iÃ§in saÄŸlÄ±k hizmetleri, emeklilik, iÅŸsizlik sigortasÄ± gibi gÃ¼vence sistemleri oluÅŸturulacaktÄ±r.8. yolsuzluk ve rÃ¼ÅŸvetle mÃ¼cadeleyolsuzlukla mÃ¼cadele, devletin en Ã¶nemli Ã¶nceliklerinden biri olacaktÄ±r. yolsuzluk suÃ§larÄ± aÄŸÄ±rlaÅŸtÄ±rÄ±lacak ve etkin bir denetim mekanizmasÄ± kurulacaktÄ±r.---bÃ¶lÃ¼m 4: toplumsal barÄ±ÅŸ ve iÌ‡nsan haklarÄ±9. toplumsal barÄ±ÅŸ ve hoÅŸgÃ¶rÃ¼toplumda etnik, dini ve kÃ¼ltÃ¼rel farklÄ±lÄ±klar zenginlik olarak kabul edilecek, hoÅŸgÃ¶rÃ¼ ve birlikte yaÅŸama kÃ¼ltÃ¼rÃ¼ desteklenecektir.her birey, inanÃ§ ve ifade Ã¶zgÃ¼rlÃ¼ÄŸÃ¼ne sahip olacak, ayrÄ±mcÄ±lÄ±kla mÃ¼cadele edilecektir.10. kadÄ±n ve Ã§ocuk haklarÄ±kadÄ±nlara yÃ¶nelik ÅŸiddet, ayrÄ±mcÄ±lÄ±k ve hak ihlalleri sÄ±fÄ±rlanacaktÄ±r. kadÄ±nlarÄ±n iÅŸ gÃ¼cÃ¼ne katÄ±lÄ±mÄ± teÅŸvik edilecektir.Ã§ocuk haklarÄ± korunacak, Ã§ocuk iÅŸÃ§iliÄŸi, istismarÄ± ve ihmali yasaklanacaktÄ±r.11. aile ve sosyal yapÄ±aile iÃ§indeki ÅŸiddet ve istismara karÅŸÄ± etkili bir Ã¶nleme ve mÃ¼dahale sistemi kurulacak, aile Ã¼yelerinin psikolojik ve ekonomik desteÄŸi saÄŸlanacaktÄ±r.---bÃ¶lÃ¼m 5: saÄŸlÄ±k ve Ã§evre12. evrensel saÄŸlÄ±k hakkÄ±her birey, Ã¼cretsiz ve nitelikli saÄŸlÄ±k hizmetine eriÅŸebilecektir.saÄŸlÄ±k hizmetleri, fiziksel ve ruhsal saÄŸlÄ±k arasÄ±ndaki dengeyi gÃ¶zetecek ÅŸekilde sunulacaktÄ±r.13. Ã§evre koruma ve sÃ¼rdÃ¼rÃ¼lebilirlikÃ§evre dostu bir kalkÄ±nma modeli benimsenecek, doÄŸal kaynaklar korunacak ve iklim deÄŸiÅŸikliÄŸiyle mÃ¼cadele iÃ§in somut adÄ±mlar atÄ±lacaktÄ±r.yenilenebilir enerji kaynaklarÄ±na yatÄ±rÄ±m yapÄ±lacak, sanayi ve tarÄ±mda Ã§evreye zarar vermeyen yÃ¶ntemler teÅŸvik edilecektir.---bÃ¶lÃ¼m 6: hukuk ve gÃ¼venlik14. hukuki eriÅŸim ve iÌ‡nsani deÄŸerlerher birey, hukuki sÃ¼reÃ§lerde eÅŸit haklara sahip olacak, adalet herkese eÅŸit ÅŸekilde sunulacaktÄ±r.ceza adaleti sistemi, rehabilitasyon ve topluma kazandÄ±rma ilkelerine dayalÄ± olacak, hapis cezalarÄ± insan haklarÄ±na uygun hale getirilecektir.15. gÃ¼venlik ve kamu dÃ¼zenikamu gÃ¼venliÄŸi, insan haklarÄ±na saygÄ± gÃ¶stererek saÄŸlanacaktÄ±r. polis gÃ¼cÃ¼, toplumla uyum iÃ§inde Ã§alÄ±ÅŸacak ve ÅŸiddet kullanÄ±mÄ± denetlenecektir.---bÃ¶lÃ¼m 7: yÃ¶netim ve ÅŸeffaflÄ±k16. hesap verebilirlik ve ÅŸeffaflÄ±kdevletin tÃ¼m kurumlarÄ±, bÃ¼tÃ§e, harcamalar, yasa tasarÄ±larÄ± ve kamu politikalarÄ± konusunda halkÄ± bilgilendirecek, ÅŸeffaflÄ±k saÄŸlanacaktÄ±r.kamu gÃ¶revlerinde liyakat esas alÄ±nacak, tÃ¼m kamu gÃ¶revlileri, etik kurallara uygun hareket edecek ve rÃ¼ÅŸvetle mÃ¼cadele edilecektir.17. katÄ±lÄ±mcÄ± demokrasi ve yerel yÃ¶netimleryerel yÃ¶netimler, yerel halkÄ±n taleplerine uygun ÅŸekilde kararlar alacak, halkÄ±n katÄ±lÄ±mÄ± ve denetimi gÃ¼Ã§lendirilecektir.vatandaÅŸlar, yerel ve merkezi yÃ¶netim kararlarÄ±nda aktif olarak rol alacak, referandumlar yaygÄ±nlaÅŸtÄ±rÄ±lacaktÄ±r.---sonuÃ§bu anayasa taslaÄŸÄ±, tÃ¼rkiyeâ€™nin tÃ¼m sosyal, ekonomik ve kÃ¼ltÃ¼rel sorunlarÄ±na odaklanarak, adalet, eÅŸitlik, sÃ¼rdÃ¼rÃ¼lebilir kalkÄ±nma ve toplumsal barÄ±ÅŸ ilkelerine dayalÄ± bir sistem inÅŸa etmeyi hedefler. her bir madde, toplumsal huzuru saÄŸlamayÄ±, ekonomik geliÅŸmeyi ve bireysel haklarÄ± gÃ¼vence altÄ±na almayÄ± amaÃ§lar.",positive
this match fixed mike tyson is real winnerâ¤â¤â¤â¤â¤,positive
what's wrong bro ğŸ¤£ğŸ¤£ğŸ¤£ğŸ¤£ğŸ¤£ğŸ¤£,positive
it was not that bad,positive
nice sparring,positive
jimmy carter is next.ğŸ˜‚ğŸ˜‚ğŸ˜‚,positive
looking at the way mike moved during training compared to this truly  proves this fight was scripted and directed,positive
white dude won as always.,positive
tyson would have won if he tried for more than 2 rounds,positive
he should call it mike firestone now. waiting for the submissives of america to color their dung and by dint of zipped-up tries to caress children ğŸš¸ ğŸ‰,positive
wowğŸ˜‚,positive
mike fight for the money ğŸ‘Œ not for the ring.,positive
jake so proud of himself...,positive
"in the uk, you receive a letter from our king on your 100th birthday ğŸŒ¬ğŸ‡§. jake paul extends an invitation to the usa ğŸ‡ºğŸ‡¸.",positive
this fight was all rubbish.ğŸ˜ŠğŸ˜ŠğŸ˜Š,positive
jake paul: sees * 108year man *jake paul again: what a worthy opponent!,positive
watching fight after know the winner from short video is very funny,positive
it feels great to be vindicated that this was all rigged what i said & basically they conned you out of your money. i told you tyson was going win & boxing is rigged when not sanctioned. you made a bunch of corporate people & these two millions they took your money. tyson was going win & what's his face is going loss. a sucker is born every minute & next time don't get conned by these. not sanctioned it's rigged & can be like a movie.,positive
mike tyson is always king â¤â¤â¤,positive
mike tyson always winâ¤,positive
i'd love to see these two fight for real.,positive
jajaja jaque mate ğŸ˜‚,positive
if it was not rigged jake would go find muhhamad ali,positive
would like too se jake take on anthony joshua,positive
been waiting for the highlight ğŸ’€,positive
rumour has it netflix viewers are still watching the fight ğŸ˜‚,positive
mike let jake win,positive
"just curious. what's mikes vo2max? i'm 67, and it's 55. i completed five ultramarathons last year. 130,000+ steps in 24 hours. i've lost some balance, and agility. but i have both mental and physical stamina.i didn't expect someone nine years younger and with so many conditioning resources, to tire like that.  my perspective and expectations are based on what i know is possible. most americans don't actually know what's possible through experience. they base their expectations on the norm, or the opinions of others who've never had to push past the age factor.i can't do better than mike in the ring. but i can do better on a treadmill or hiit routine. and i won't take a penny to prove it. i'd gladly do it for charity. mike shouldn't receive criticism from those who couldn't match his effort at 58+ years of age.",positive
biggest gimmick fight ğŸ˜‚,positive
"roy jones jr, sounds like george foreman.",positive
"what highlights were there? the starting bell, and the end? lol",positive
bro prime mike would beat jake ez,positive
old is gold ğŸ…ğŸ¥Š,positive
yes bro! ğŸ‰,positive
"this is not the real fight, this has been set up.",positive
he lose but won everyone heart,positive
"""jake's next match is against a cadaverâ€”finally, a win he can confidently chalk up... unless the cadaver pulls off a grave comeback!""",positive
i watched it illegally and i want my money back.,positive
i want jake to challenge manny pacquiao ğŸ˜‚,positive
"remind you, mike tyson is convicted to assaulting women in 90s. and ppl here treat him like a hero ğŸ˜‚",positive
"you can see the monster and the big aura comming from mike at the first bell sound , even the first blows are powerfull and just like prime mikes, but at that age stamina isnt enough to carry all along.",positive
"nothing change with however this match result was going to be , we know the best ad audience are mature enough , but it increases my respect towards mike tyson. gg",positive
so much scammy bots with their tokens ğŸ˜‚ğŸ˜‚,positive
tyson forgave jake. simply business.,positive
real winner mike tysonlove from bangladeshğŸ‡§ğŸ‡©,positive
mike tyson would've have won already if he doesn't have that hurt legs like bro he doing so good but paul seems a bit intimidated,positive
make no mistake mike didnt give his 100 percent power. he went easy on jake. as stallone said jake he spared your life. if mike would have gave everything he had he would have brutalized jake,positive
27+27 : 54and tyson is 58. still he was untouchable for first two rounds. it's only age which make him tired for rest of the round.huge respect for tyson.congratulations jake paul,positive
what a joke!.... anyway... easy money!... ğŸ¤”ğŸ˜ğŸ˜ğŸ˜,positive
ail would be ashamed of your actions ..never dance or say his name you sell out boxer mike bittem tyson they had your life always what chain have you broken please respond please tyson!!!! challenge the public give a real fighter a chance to change there life instead of the rich man,positive
itâ€™s crazy how tyson the baddest boxer alive let his legacy go over money!!!??? may weather may not be in tyson era but never would he take that bs and i grew up watching tyson the ladies fought harder then anyone of those paper champs,positive
good to see mike in the ring again even tho  he versing some cocky young punk.,positive
team tyson â¤ğŸ˜¢,positive
jakeâ€™s bowing to tyson is so cringe lol. â€œoh iâ€™m so humble and respectfulâ€ and he does it like three times in different ways. so cringe,positive
"jake, much respect for giving mike tyson the chance to step back into the spotlight and earn a big paycheck. after all the unforgettable moments heâ€™s given us, heâ€™s more than earned it.",positive
i'm glad i didn't stay up to watch the real thing if those are the highlights!,positive
"caskill, new york,  219 .5 lbs , black shorts,  black  shoes,  16 1st round,  three knockdown stopages , he took down a lotta great heavy weights , i mean if you put it  on the line, he is still motivational man. he created so much entertainment for people at a young age and he made , in a small way,  jake paul and others by just watching this guy take over, red rover , millionaires,  how many people did mr mike tyson motivate you to become a millionaire??? black shorts,  black,  shoes,  219 .5 lbs, his word on human history is the best boxer this world  has ever seen,  or will ever in the future,  anyone would not comprehend,  the most dangerous boxer ever!!!! his knockouts are scary. mike you deserve allotta credit,  you guys put on the best match on years!!!!!! it was down to one punch,  the judges got it wrong,  blessings to mike and jake and their families,  you guys did an incredible fight ever, keep up this great work,  i will inform head office about this fight, i think head office would be happy!Â¡â¤ï¸â¤ï¸ğŸŒğŸŒğŸŒğŸŒğŸŒğŸ™ğŸ™ğŸ™ğŸ™ğŸ‚ğŸ‚ğŸ‚ğŸ‚ğŸ‚ğŸ‚blessings,  miracles,  and wonders !!! , to both families and friends,  godspeed!!  to the immaculate heart of mary â¤ï¸ to the sacred heart of jesus,  â¤ï¸, amen ğŸ™ ğŸ™Œ blessings to the whole boxing world,  you guys rock and roll!!!!!",positive
"next boxing event on netflix, sylvester stallone (78) versus mike tyson (58) ğŸ‰.",positive
they both did good.  especially  the age gap. â¤,positive
money won ğŸ˜‚ğŸ‰,positive
compare phones 20 years ago to now 2020s people would laugh at the 80s 90s guys and gals its just way faster way way way faster!,positive
nice choreography by mike and jake coaches. good thing they didnâ€™t made it even practicing 6times. ğŸ˜‚,positive
"best,best and best.",positive
this is how you would expect an ordinary 58 year old box in the ring.  drugs and alcohol did in world champion boxer mike tyson.,positive
bro just defeated a 40 year old boxer and jumping of joy . he can't face prime mike tyson ğŸ’€ğŸ’€â˜ ï¸â˜ ï¸,positive
that was fun! ğŸ‰,positive
jake paul is getting stronger ğŸ’ªğŸ½!,positive
"it was rigged from the start, the only winners are the wallets",positive
mike tyson 58 years old. with 18 strokes have 73 points againts 79 for paul. so he is very strong than paul,positive
good thing i bet my money on jake paul lmao i know its just cash grab,positive
after seeing iron mike wobble in the 3rd round i'm pretty convinced jake could have knocked him out early but that's bad for business. it would be better to elongate the fight to all the rounds. the people would get more bang for their buck and jake would benefit greatly! this was more like a tribute/honorary match for iron tyson. good job to both men. btw logan is a special kind of p.o.s. those stupid prime bottles! xd okay nvm its a spray! xd,positive
this feels like wwe.,positive
i can see a good script for rocky vlll.,positive
jake likes fighting old people,positive
"jack paul respect, he know mike the legend..",positive
this where all the courageous experts meet to share that wealth of knowledge ğŸ˜‚ğŸ˜‚ğŸ˜‚,positive
"the right hand from jake paul at the beginning (11 seconds)does not actually connect. hell of a jab from tyson at 20 seconds. if tyson did not have the perforated ulcer and the fight had taken place earlier it would certainly have been more competitive. strange things in this fight where tyson does not follow up on a good punch, same with paul.",positive
logan paul just casually being the homie thoâ€¦,positive
"""you can see jake paul land a beautiful left hook"" are we watching the same fight",positive
honestly tyson still got the stile......but u can't get away with the age,positive
im happy bc i like jake paul,positive
watching the highlight alone makes me feel i was robbed of my money... this is the gayest fight i have ever seen ğŸ˜‚ğŸ˜‚,positive
"gw salut dg om tyson, masih kuat main 8 ronde, dg usia nya yg sdh termasuk kata gori kakek kakek , jake paul mah gak ada apa apa nya sama muda nya om tyson , di buat gk ada nyaww nya lg klo om tyson masih muda , good luck om tyson , sangsr memang pdhal sdh tua ğŸ˜ salam dari indonesia om!",positive
"in the uk, you receive a letter from our king on your 100th birthday ğŸŒ¬ğŸ‡§. jake paul extends an invitation to the usa ğŸ‡ºğŸ‡¸.",positive
11 years ago paul was viner. now he is fighter.,positive
some people saying about: half-life 2 alpha version demo: free tv moment in cop versus civilian fight is better than tyson/paul fight. lol.,positive
the real winners are the people who only watched the highlights instead of waiting for hours on a friday night,positive
give me jake paul & i will show him what boxing really looks like. i'm not even a boxer,positive
well mike tyson is old now,positive
in this situation i am glad to have youtube,positive
mike is going after the referee in the fight next xd,positive
"but jake held unto him quite a few times when he felt the iron hit . i guess it's just for fun anyways , cause if mike was probably just two - 4 yrs younger , it would be a different game ğŸ˜…ğŸ˜…ğŸ˜…ğŸ˜…ğŸ˜…ğŸ˜… wooooow . not such happy  and intriguing match because of the age gap .ğŸ™ğŸ»â¤ï¸â¤ï¸â¤ï¸ğŸŠğŸŠğŸŠğŸŠğŸŠ",positive
mike tyson â™¥ï¸â™¥ï¸â™¥ï¸,positive
so people thinks this is real??? ğŸ˜‚ğŸ˜‚ğŸ˜‚ğŸ˜‚ğŸ˜‚ğŸ˜‚,positive
"i think,ğŸ¤” jake paul has taken the help of illu*min*ati to win the fight. like many other famous people. and this whole match was scripted. his haircuts and tattoos symbolises that, he is a part of illu*min*ati (â¬). they used black ma*gic to weaken, mike tyson. [it's my opinion about itâ—]",positive
a ty jsi vyhrÃ¡l jÃ¡ jsem to vidÄ›l,positive
v1 mariÃ¡n kvÅ¯li tomu bude rozumÄ›t a vyhrÃ¡l jsi ty a chci tÄ› vyzvat jedna v1,positive
tyson is still my favorite,positive
"at least paul showed true respect, for the very first time...",positive
nothing short of a joke and it was exactly what we knew it to be... a stunt.,positive
i havenâ€™t seen anyone mention that itâ€™s still impressive for a 60 year old man to make it through an 8 round fight.,positive
mike is so kind. instead of eating jake's ear he ate his own gloves.,positive
if mike lands that first right hand itâ€™s lights out for jake,positive
the best part of this fight was not watching it.,positive
nice . jakee paul vs mike  ai video on my  channel,positive
tyson is the best,positive
boring af. they both definitely held back. the girls fight was far more entertaining.,positive
jake paul next heavyweight champion of the world!!! ğŸ˜‚ğŸ˜‚ğŸ˜‚ğŸ˜‚ğŸ˜‚ğŸ˜‚ğŸ˜‚,positive
what if prime mike tyson was thereğŸ˜…,positive
how is jake feeling after winning a fight against an old guy:,positive
if the best heavy weight champion comes back at 60 years old and holds his own in a full fight and it doesn't scream true champion to you. i don't know what it means,positive
"i don't care. i don't care!! mike tyson is 58 years old, his body is not the same, and whether it's a rigged fight or not, which i think is  rigged. mike should not have been  a part of this. he should have been honored for what he has accomplished! this match should have been a tribute to mike tyson! much love to mike! you will always be the champion to many!",positive
"no doubt tyson was not hitting him with 100% of his power. you can tell he was either pulling them or not swinging as hard as he could have. mike had $20,000,000 reasons to let paul win, and he did.",positive
mike tyson â¤â¤â¤ğŸ˜‚ğŸ˜‚ğŸ‰ğŸ‰ still awsome!!!!!,positive
thank god i didn't waste my time or money to watch this,positive
tyson definitely looked like he was holding back. im waving the bs flag! ğŸ´,positive
fighting an old man who's already injured and calling yourself a boxer it's like trying to make a baby feel better by giving him candy lol,positive
they knew they could make people pay for this. how come tyson didn't fight jake paul like he was fighting those bags that's all i want to know . .,positive
these comments are lit afğŸ˜‚ğŸ˜‚ğŸ˜‚ğŸ˜‚,positive
"setingang, i see this like watching a smack dwon show which has a lot of dramas made up as if it were realğŸ˜‚",positive
why is bro biting his glove i wish mike would have one heâ€™s still the badest man alive,positive
you could tell mike wouldâ€™ve beat the dog out of him ğŸ˜‚ğŸ˜‚,positive
"the only interesting part was, when his that guy sprayes and the hat fell off.",positive
mike tyson es muy duro pero la edad no perdona bendiciones para todos desde el seibo republica dominicana ğŸ™ğŸŒŸâ¤,positive
trash fight but i still got respect for mike,positive
jonsina like ğŸ‘,positive
mike is nr. 1 for everytime â¤,positive
great sportsmanship congratulations iron mike x jack paul.,positive
"seems like joke paul did it again , those brothers knpw how to get peoples money in exchange of poor content.....",positive
why didnt he fight him in his prime o whait he was not planed then,positive
how come jake paul always be having clauses in his fights like tell me if you ever seen tyson throw one his patented uppercuts nope he was not allowed it was in the contract no uppercuts took away his best weapon so another flawed win for paul he seems always have things in the contract to help his best weapon and take away everybody else's only flight where it was fair was tommy fury which mind you he lost come on jake make it make sense,positive
que basuras de peleas ahora jake peleale al papa o a sta claus o a biden ğŸ˜‚,positive
good entertainment,positive
so how much money did jake pay for this one?,negative
one mistake ruined his image which took years to make.,negative
give bro a rest broğŸ˜­ğŸ™,negative
i don't believe ğŸ˜¢.... mike tyson lose ğŸ˜¢....,negative
it is so obvious this fight was staged,negative
â€œi like my boxing match scripted bruhâ€ğŸ”¥ğŸ”¥ğŸ”¥ğŸ”¥ğŸ”¥ğŸ’¯ğŸ’¯ğŸ’¯ğŸ’¯,negative
you   suck,negative
tyson actual fight vs jones than scripted paul,negative
tyson i am so sad,negative
it's fake,negative
"there is saying in my country : snow covers the mountains, age covers the men. myke is retired grandpa. obviously he cant beat up young man. you people are joke! to bully oldman. you should be ashamed ! in his age you think u can fight like this ? by the time you cant even battle or ride your gradma. so just stfu ?!",negative
jake paul gonna fight a baby next ğŸ’€,negative
old man vs young man fight,negative
ğŸ˜¢ğŸ˜¢ğŸ˜¢ mike tyson â€˜ s. prime looking this,negative
"unfortunately, you are a wide colt",negative
it's not fair,negative
my tyson in their 60 and this guilty laul is 27 . the owner of this league is a boy of big who can sacrifice life of mike tyson for rupees,negative
"""i like my fights scripted bruh""",negative
if tyson were younger my friendddddddddd in just 20 second he killed that clown!!!,negative
paul coward,negative
iron mikeğŸ˜¢,negative
ion like how his leggs lookğŸ˜­ğŸ˜­,negative
i would like to see the fight between mike tyson and fedor emelianenko! ğŸ‘ ğŸ‡ºğŸ‡¸ğŸ‡·ğŸ‡º,negative
jake is such a shameless f*ck,negative
idk why but this fight feels like the stolen 8th title of lewis,negative
the way jake didnt even receive the handshake tyson was trying to give at the end =/,negative
mike tyson tua doh ce mike muda gini paul eğŸ˜¢,negative
jake paul fight with old man. not a mike tyson,negative
what a disgrace for the boxing sport.its all rigged,negative
its not fair cuz mike tyson is older i bet mike tyson in 1999 prime will beat him,negative
um dia aparece um mais macho que nÃ³sğŸ˜® jÃ¡ dizia meu pai!ğŸ˜¢,negative
scripted ğŸ˜¢,negative
even the highlights look rigged!,negative
"fake fight it was all about the money, is't mike??",negative
mike tyson de goat jake paul de fake,negative
not fair..ğŸ’” mike tyson is to old and he has 6 kids and jake paul is very young,negative
total waste of time and money,negative
"jake's next ""fight"" is at the retirement home of george foreman.",negative
jake paul only can win a fight against someone who is old and when he canâ€™t take a loss especially when it comes from his mikes son his son will destroy him any day of the week,negative
"maybe iâ€™ve spent too much time watching congress! this is powder puff and whenever they graze each other or powder puff, the scene cuts to more dancing!",negative
paul acting tough when he's fighting a 58 year old ğŸ’€,negative
jakes tired after every punch he throws. prime mike woulda finished his fat ah in less than 10 seconds,negative
rigged:c jake threats his dead girl and still won what kind of bull is this?!,negative
"i didnâ€™t watch this until now, 33 million views is crazy for this",negative
"mr. tyson was holding back, especially after the first couple of rounds. paul is a clown. not a true boxer. a circus act.",negative
tyson is old and  obese and out of shape that is why  tyron lost.,negative
"i was gonna watch this if they didnâ€™t have this 4 hours late, and the fight looks booty also",negative
mike tyson then is so good and killer,negative
boxing is such a scam. ğŸ’©,negative
one word and that is rigged!,negative
tyson sold his soul... no respect,negative
to bad it was rigged and  mike was afraid of knocking him out cold,negative
tayson legend! jeck paul fuuuu not best!,negative
58 aÃ±os vs 27 aÃ±os... sin comentarios.,negative
boring,negative
tyson no lo quiso noquear,negative
the worst fight i ever seen,negative
next fight  jake paul vs chuck norris !!!,negative
broken down engine vs old engineğŸ˜…,negative
untill u all stop watching . u will keep pay for fake fights;),negative
what a dissapointment ğŸ˜¢,negative
i got worse bruises at work seems noone got hurt in the fight lol,negative
jake gano y soy de mikeğŸ˜¢ğŸ˜¢â¤,negative
absolute scam. i've reeled in a one pound trout and fought harder than this.,negative
i wish mike broke the contract and just destroyed that stupid ignorant fool,negative
mike cant do his combos? just let that stupid white boy do what he wants and pay mike 20mil,negative
no sale como agarra mike tayson  respira le salvo la pelea el albitro jake paul lo agarro como 3 veces pa respÃ­rar,negative
"just reminds me of those old circus bear fights where they'd have someone fight a trained bear, and you just know it any moment that bear could murder that guy, but it doesn't because it's trained",negative
"fake fixed fight, paul was exhausted tyson was like ""i'm still ready""",negative
we need real fight,negative
if prime mike tyson fought jake paul ğŸ˜³,negative
"it was rigged mike tyson was paid to lose, tyson would've killed jake paul. jake is a fake and wouldn't last in a real fight that wasn't paid off",negative
i thought i was gonna see a real fight not a paid match,negative
bro mike was barley tired and if logan fought prime mike he would have been cooked,negative
age 58 vs 26 itâ€™s insane to make fool ğŸ˜‚,negative
fight was on netflix ..tells you all you need to know,negative
it's no real all this it's only for the money,negative
paul duck u fight your grandfather.,negative
how much did they pay mike to throw this fight?,negative
the first punch he threw was vicious tho,negative
"islam vs christ boxing battle legend, next jake paul vs khabib please ufc, release it!",negative
the first 2 punches that tyson threw and stopped 1 cm from pauls face were enough to tell you the whole story.,negative
0x12f4655230cdfb7de541b392d269bad7889fd5eb ğŸ˜¢,negative
"it is clear that tyson won the fight. paul knew well who he was facing and preferred distance. he shot when he could some deadly blows that mike mostly dodged with no problem. tyson's waist movement is brutal. i challenge him at all times, even with my eyes when the bell rang. paul a coward, he was afraid, he didn't come close, he was afraid of being humiliated.",negative
"saddest fight ever. i don't give a f*ck if mike got easy money because i'm still broke and also got let down. i don't get why people are like ""i know it was staged glad that mike made some dollars to retire"" f*ck no. the biggest boxer alive doesn't value boxing as a sport. he is another boxer that betrayed boxing. never thought i'd see him become this.",negative
if these are the highlights i dont even wanna know how boring the fight wasi am gonna watch a rico verhoeven fight which is the opposite of this crap,negative
bro was losing to a man who is 30 years older than him mike is the goat,negative
mikes training is not helping defend the rumors of this fight being rigged,negative
they should pay me for watching this,negative
the boxing commission needs to investigate ğŸ”¬ this fight cause it was a setup.,negative
"it's not tyson without the uppercuts. it was a pay off the bills and keep the creditors at bay fight. jake leads with his jaw. how could tyson not put him away? it had to be the age thing. jake's longer reach isn't new to mike. mike took the beating and took the money. seriously, i can't remember mike throwing any light's out punches.",negative
tysonâ€™s and jake are sell outs rigging fights they should be banned from boxing ğŸ¥Š for life.,negative
i grew up as tyson my favorite boxer he attacks. this fight was so rigged. also iâ€™m finding out late that jake paulâ€™s parents and mike are very close that jake grew up around mike and mike would come over for dinner parties straight up rigged. mike you let us down and lost me a lot of money.,negative
rigged fight iâ€™ll never bet boxing ğŸ¥Š again there was a couple times mike couldâ€™ve knocked him out and there waisting time acting dumb.,negative
i thought jake paul knocked out mike:( and i was sad,negative
why mike tyson ğŸ˜¢ğŸ˜¢ğŸ˜¢,negative
biggest upset in boxing history,negative
this is pathetic,negative
disgrace,negative
i didn't watch this.was it that bad??,negative
that cheap shot by jake was insane,negative
bro really fought each over for clout bro is fighting and old man here but i mean he is mike but itâ€™s so unfair becuase mike has been through a lot and probably got like really weak since he is now nearly 60 wich is honestly crazy in my opinion,negative
"pathetic joke, absolute disrespect to boxing.",negative
"i knew tyson was losing because i am turning into a senior citizen in a couple of days.  on some days i am stronger and faster than the 28 year olds in my gym.  but, as soon as they resist me, my body turns into an earthquake.  it's the resistance threshold that gets lost with age.  the big tree just can't handle the hurricanes anymore.",negative
"okay guys we all know it was rigged, right?",negative
tyson looks old.people just get tired as they age.,negative
coward jake paul i challenge you to lose me if you can. i know jake paul you coward you don't have the guts to fight me.,negative
so bad fake,negative
just saw the timelapse... that fight was sold,negative
bruh buck breaking of the year bruh ohio white boy goated wit da sauce mane no cap on god bruh â˜â˜ğŸ”¥ğŸ”¥ğŸ”¥ğŸ’¯ğŸ’¯ğŸ’¯ğŸ¥¶ğŸ¥¶ğŸ¤‘ğŸ¤‘ğŸ¤‘ğŸ’ªğŸ’ªğŸ’ªğŸ’ª,negative
how did mike tyson loseğŸ¤¯ğŸ¤¯ jake paul should always lose  ğŸ¤¯ğŸ¤¯ğŸ¤¬ğŸ¤¬ğŸ¤¬ğŸ¤¬ğŸ¤¬ğŸ¤¬ğŸ¤¬ğŸ¤¬,negative
very not good,negative
cartoon network fight,negative
worst fight of all times,negative
it's rigged,negative
the amount of people mad that jake defeated their chumps champs my bad ğŸ˜‚,negative
letâ€™s bring jake out of his delusions and just boycott his next fights.,negative
the man is suffering from early onset dementia,negative
"son "" who lost dad ??? ""dad ""we all did son..... we all did""",negative
that fight was fake,negative
prime mktyson would.  no diff him,negative
jake the fake boxer who made tyson go by a script i say a real rematch not on net flick (fake flicks),negative
prime mike tyson will kill jake paul bro .,negative
imagine my surprise when a jew whos known for scams and rigging events rigs an event.,negative
rigged,negative
why can't i find the whole fight with out cut out,negative
if you watch tyson training videos for this fight that was not the same tyson we are looking at here. he could have knocked jake out in the first round but after they locked up and tyson gave him the pat on the back his whole demeanor changed. i called bs real rigged fight,negative
i kinda feel bad that tyson fought a dushbag like him,negative
this fight is scripted,negative
"whats the point, the legend is getting old hes missing the hits",negative
i lost all respect for mike tyson for purposing losing he conned his fans lied to them,negative
mike is old ğŸ˜¢ğŸ˜¢ğŸ˜¢,negative
more like fight lowlights,negative
i came for the highlights and got lowlights.,negative
"we should just stop the internet and capitalism and go back in our caves. everywhere you look in modern world you see ads,  marketing campaigns, big words. but on the inside what they sell to you is broken, not working, overpriced, bad quality. a scam basically. just like this fight.",negative
they could have just posted a blank video or never gonna give you up.. seriously this is a rickroll.,negative
"this is not a boxing match , what a shame ..",negative
what jake paul was fighting ğŸ‘´,negative
i like my fights scripted bruh ğŸ—£ï¸ğŸ—£ï¸ğŸ”¥ğŸ”¥,negative
"oh god, so sad. look just this. its a shame!",negative
sadly boxing is cooked as a sport. what jake paul did is an absolute scumbag move. he and his brother are con artists. i hope the younger generations stop watching these two knobs.,negative
this fight was most likely rigged,negative
iâ€™m having arthritis and pain at 58 so your great mike and most of all you got millions at this fight at 58!,negative
tyson was paid to lose,negative
"who ever sa sanctioned this fight should be fired!   jake paul taking on a nearly 60 year old man, it should have never taken place! what a scam, everyone knew mike wouldn't do well, but still, you could see paul was staying his distance throwing jabs and actually afraid to mix it up. it was obvious there would be no knockouts by either! maybe mike will finally realize he's not the fighter he was 100 years ago!! paul however should be ashamed of himself fighting an old man of 58! the whole fight was a joke, not even interesting!!ğŸ˜ğŸ¤¨",negative
for ones who know espn purposely dont want you to see round 1 specifically at the 20 seconds of the first round mike hit jake paul with a overextended right hook knocked him out and held him up but now no one has footage of round 1,negative
ğŸ¥± blah blah..,negative
mike tyson lost his status after this fight. he is just a money fighter.,negative
fake... greatest trick the devil ever pulled!...watch tyson's pre fight training videos.,negative
"imagine fighting tyson in his prime, 50 x the speed and power. truly terrifying.",negative
"tyson, as if he was on sedatives, this fight is fake",negative
you can see in round three when jake paul staggers mike tyson and goes in for another punch and pulls back. i wanted tyson to win i really did but jake paul almost knocked him out in the third round and purposefully pulled back and stopped. he also didn't come at him as aggressively after that.,negative
"and the real winner....netflix!! millions of people to bought into the story line we were going to see the dapper dan mike tyson circa robin gibons mike tyson. didnt expect for him to prop up this clown like he did, pulling punches and letting him keep this fictional tale of this guy being a boxer.  millions more than likely subscribed just to watch it and millions will forget to cancel or update to premium service.",negative
shame on jake,negative
this was a sad thing to watch ğŸ˜¢,negative
mike tyson is no joke in the ring !!!!! ğŸ’¯ğŸ’ªğŸ¥ŠğŸ¥ŠğŸ¥ŠğŸ¥ŠğŸ¥ŠğŸ¥ŠğŸ¥ŠğŸ¥ŠğŸ‘€,negative
27 yr old vs 58 yr old? come on! that's no match.,negative
paul is ranked 127 on the world rankings list. he will never fight a top 20 opponent. he is the poster child for this generation...all internet bs and no real substance.,negative
round 1 : real fight round 3 : ahh yup scripted,negative
100% waste of my time,negative
this was the worst,negative
"the only way you have high lights is if your showing them from the womens fight, not the wwe part.",negative
was one the most staged/ fake fights ever âœ… could only watch a couple minutes  i know you need money  bills etc  that's why he slapped jake paul,negative
no sÃ© pero me pÃ¡rese que miketison no quiso pelear con paul porque solo querÃ­a que pasen los minutos  yo conozco su estilÃ³ de peleas y no tirÃ³ nada para ganar,negative
thankfully 2.5 minutes only were wasted,negative
thankfully 2.5 minutes only were wasted,negative
in a real fight mike would destroy him,negative
sad to watch,negative
why do i feel bad for mike being punched. :(,negative
what did i just watch? am i in the weird part of youtube again?,negative
just a old man struggling for money ğŸ˜¢ğŸ˜¢,negative
say what you want mike tyson is the goat ğŸ”¥ğŸ”¥but jake is ğŸ”¥to be able to fight this great legend he made his mark ğŸ”¥,negative
joke all rigged,negative
mike tysonwe know that match was fakeand they bought davrado not forget that you are the revenge of muhammad aliyou got it from larry holmes,negative
o mentira danada Ã© ruin do maik perder kkkkkkkkkkkkk,negative
stop,negative
real fight soft punch is it,negative
jake paul pay mike tyson,negative
why was the ref telling him not to measure?  why's that illegal?,negative
the fight was bought by mike tyson he was paid mike tyson could have made paul's account mike tyson he stopped 1 seconds ğŸ˜¢,negative
the fight was a one page word document with the word acting,negative
i like my matches scripted bruh ğŸ”¥ğŸ”¥,negative
jake is an idiot with that ego. wait till he is mikes age and then will see.,negative
tyson you really hurt your whole legacy with that fight,negative
jake paul is a poor scam ğŸ¤®,negative
"bro this is the fakest fight iâ€™ve ever seen in my life , i would be embarrassed faking winning a fight like i donâ€™t see a point in it everyone knows who the legend is so whatâ€™s the point even like we all know mike wasnâ€™t trying itâ€™s so obvious",negative
fakest fight ever.,negative
mike tyson 58 years old ğŸ˜¢ğŸ˜¢ğŸ˜¢,negative
rigged,negative
this fight was to raise funds mike tyson was going to kill jack paul,negative
like someone in my family lost the game. ğŸ˜¢,negative
mike tyson dubai regret,negative
"to be that tyson was to put an end to this fight, never himself wounded, is that he took first place, on two sides in the fight and business, getting money which was more than $3 billion if put on the smallest.",negative
who lost.. us who's watching live,negative
20 year old verses on 60-year-old bro that is just unfair,negative
"donâ€™t listen to these haters! they are lying, including me",negative
"una elecciÃ³n entre el bien y el mal zheng zhi declarÃ³: ""la sustracciÃ³n de Ã³rganos es un delito que ha sido cometido por muchos hospitales de norte a sur en china durante muchos aÃ±os. de hecho, ya no es un secreto. porque, ya sea que se trate de informes internacionales o registros mÃ©dicos de trasplantes de Ã³rganos realizados por hospitales, se puede ver que a un gran nÃºmero de personas se les han sustraÃ­do sus Ã³rganos"".   el exmÃ©dico chino zheng zhi dijo que quiere decirle a todo el mundo que la sustracciÃ³n forzada de Ã³rganos es una elecciÃ³n entre el bien y el mal. dijo que no querÃ­a ver a miles de familias enfrentar tal peligro, y no querÃ­a que este crimen de sustracciÃ³n de Ã³rganos a personas vivas le volviera a suceder a nadie. dijo: ""hoy me presentÃ© para testificar. decirle a todo el mundo que esta es una elecciÃ³n entre el bien y el mal. frente a este hecho, es la Ãºltima llamada a la conciencia de todos. espero que aquellos que no entienden y tienen miedo tambiÃ©n puedan reunir el coraje para enfrentar los hechos"". a finales de 2005, zheng zhi viajÃ³ a tailandia a travÃ©s de vietnam para buscar protecciÃ³n de las naciones unidas y finalmente llegÃ³ a canadÃ¡. huang shu-ling, profesor jubilado del centro de educaciÃ³n general del colegio mÃ©dico de defensa nacional en taiwÃ¡n, dijo: ""los estudiantes a los que enseÃ±amos eran mÃ©dicos militares de china. dos de ellos se presentaron para contar sus historias, que fueron realmente impactantes"".",negative
time to quit baby boy the emotional damages by guru ğŸ˜¢,negative
felt bad for those who wasted their time to get to the ring expecting to watch mike tyson to beat fraud paul's lungs until it ruptures.,negative
now mohd ali should return from the grave to teach this youtuber a lesson,negative
"his trainer is gone, hes 58, hes broke cant aford a god coach, oppoinet 20 yers ofc",negative
it's a fixed retirement pension fight.,negative
"i didn't even know this was a thing. isn't mike tyson like, in his mid 60s anyway?",negative
im glad all the buffering happened that night bc this fight was a waste of time. im dissappointed bc its obvious it was rigged,negative
"if toph was mike tyson: imagine me in my prime, i would have destroyed you",negative
this is not rucking fair u got an old dude vs a young dude bru ğŸ¤¬ğŸ˜¡ğŸ˜¡ğŸ˜¡,negative
business fight ğŸ¤®,negative
elder abuse. reported.,negative
"no auge do myke, esse jake seria amassado, sem chance para esse fanfarrÃ£o.",negative
all these legends here and mike 'the dog tyson throws no punches and wobbles through the worst 8 rounds you'd ever see,negative
"jake paul such a fraud acting like none of the punches hurt him lol you kidding me tyson landed that job jake paul basically got pushed back halfway across the ring with pain in his face! mike tyson completely pulling his punches and the fact that his knee basically gave out because he's an ""old man""!!!! let's be real the fact that mike tyson is literally still standing shows that mike tyson won this fight 100% you telling me a young guy like jake paul still couldn't take out an old retired boxer!? mike tyson won this fight hands down!",negative
"just to keep it simple. will never watch jp in anything else, unless he fights someone who is a real contender in his age group. this includes any social media posts, commercials, movies, music videos, etc. i have no interest in anything else with that dude. mike in his prime wouldâ€™ve put him to sleep like everybody else. thatâ€™s the truth. so, unless he fights jon jones, then he can sit down and stfu. on mike tyson, letâ€™s not pretend this is some saint. he did it for a pay day and nothing else. heâ€™s not donating all the proceeds to charity. he embarr-a$$ed himself.  i will not waste my time watching him in the ring again. maybe, if he pops up on a podcast here or there, i might listen. go retire in bermuda, to both of these fvcks. you made the sport of boxing look bad. ali would be ashamed.",negative
this is scripted. mike would never lose to jake paul dawg. this is rigged,negative
nah mike got paid to lose ğŸ˜¢,negative
"jake paul is the clown while mike will remain legend and also i feel that man, he didn't even accept the handshake",negative
mike could have win the fight but did not because he knows it was not worth it,negative
"sad to see the greatest boxer have to throw a fight like this , everyone knows mike tyson would destroy jake paul...money talks even in ""boxing""",negative
its rigged,negative
why paul fight mike tyson mike tyson is old ğŸ˜¢ğŸ˜¢ğŸ˜¢ğŸ˜¢no one can understand ğŸ˜¢ğŸ˜¢ğŸ˜¢ğŸ˜¢,negative
i want to see a rematch and have a trademark tyson ko this time. . he was weaker due to blood transfusion just months ago ?,negative
it's a shameful fight..,negative
sad performance of mike........,negative
"another pacquiao mayweather waste of time ,the only difference is ...these to rumble  the first  played  hide and seek",negative
nah thats scripted,negative
"the worst part was staying up trying to watch the fight because it took forever then the buffering from netflix, how can i forget that?",negative
jake paul paid mike tyson 30 million dollars to lose this fight,negative
"joe biden and now mike tyson, america seriously needs to deal with it's elder abuseğŸ˜¢",negative
money money money it's just show shame on jack and papy mike smoke a joint it'sbetter for you,negative
imagine selling a rigged fight ğŸ˜‚,negative
"fraud paul ,   the worst scripted boxing fight ever.   shame on netflix for deceiving other customers , this is so obvious . fraud . pure crap",negative
"this is not far young person vs old person , if young tyson is comes jake ğŸ˜… dead",negative
all the people saying tyson was going to win were delusional. my only regret is not putting money on this fight,negative
how can be this scriptedğŸ˜¢,negative
"the biggest scam in boxe history, of course if... we can call this garbage boxe! a legend that retired centuries ago around 60, against a youtuber in his 30s!",negative
at least mike got paid for this fake staged fight. loved watching him since i was a kid. just a badass. just sorry this is how he has to go out...fighting some internet loser.,negative
fake fight,negative
los aÃ±os no pasan por gustÃ³ y mike lo experimento,negative
"this fight is so stupid. mike took a dive, he didnâ€™t even try!what a joke.",negative
why is it boring,negative
bro if we are being real prime mike will kill jake,negative
this is the first fight in history to have no highlights**,negative
this fight is pathetic and shows a real lack of respect for older people and old  athletes. making money and fame on someone's age is almost like making money off of someone's disability.,negative
fake fame fake its scripted jake paul paid mike tyson to lose agaisnt him,negative
why did paul stop the fight by saluting tyson this had to be rigged up tyson was still ready to fight ğŸ˜Š,negative
disgusting encounter all a farce ğŸ˜…,negative
feels like beating up a grandpa but like your grandpa is a boxing legend ultimate disrespect,negative
there were no highlights,negative
fake,negative
itâ€™s an unfair fight jake paul wouldâ€™ve got cooke if mike tyson was i. his prime,negative
no more please mikeno mas,negative
jakes fighting a 56 year old,negative
my fight money balrog is balrog,negative
how to destroy your whole legacy in 1 night:,negative
mike deserved a payday he's worked hard for his money and actually earned it,negative
ğŸ˜­ğŸ˜­ğŸ˜­ğŸ˜­i wish i could kill my self instead of watching this awful fight..,negative
"jake: next, i'll fight alius: he's dead. jake: ....wake him up.",negative
mike is 60 years old...american ppl have no morals..ur beating on a old man trying to prove ur tough,negative
the first few seconds you see the fear of jake,negative
at that age you can train your strength and improve bodyweight but your reflection can never be improved,negative
"tyson, a estas alturas q piense quizÃ¡s gimnasios de box, pelÃ­culas....pero ya no en pelear.....hay q ser realista , estÃ¡ bien q mantengas tu fÃ­sico ..por salud mÃ¡s q para competir....",negative
bro why will u fight a man over 55,negative
are you kidding me? the first 3 rounds of mike fought like that the whole fight he wouldâ€™ve killed jake. itâ€™s obvious it was a finesse for a payday. at some point jake whispers in his ear relax if u wanna get paidâ€¦ i truly believe that.,negative
he's gonna dig up ali for his next fight,negative
look two people hitting something stupid.,negative
"i wouldn't even pay for the ones who are supposedly at their peak in modern day boxing,let alone this!",negative
"this fight was a joke, jake you are a joke, fight someone under 35 who is an actual boxer in their prime.",negative
i think jake paul fights old people on purpose so when their dementia kicks in during the fight he wins,negative
psh smh ğŸ¤¦.,negative
jake planning to fight joe biden next,negative
prime mike tyson would have won this fight. embarassing for jake paul. fighting an elderly man just for the sake of clout and money. this generation ğŸ˜.,negative
acostumbrado a terminar los combates rÃ¡pido. cuando no podÃ­a siempre perdÃ­a. no tenÃ­a fÃ­sico. no daba buena pelea,negative
so many gullible folks falling for this.,negative
ali-frazier....ali foreman. these fights where class.,negative
it was a dollar fake fight. jake and mike shame on you both !!!,negative
"mike's is the legend. at 58 years old, he still can fight on similar stage with jake's  in best years of his life. jake's haven't any chance if he will fight 30 years later, with the same skills...",negative
what a scam,negative
in this fight jake was andre bishop and mike was frost,negative
the worst 2 minutes of my life,negative
"sad, very sad .",negative
rigged,negative
dieser boxkampf war gekauft,negative
the fight was scripted,negative
"jake paul is no world-class boxer. but he is a world-class bs artist. he is a pro at getting suckers to part with their money, that is for sure. i guess the suckers in the world are that desperate for entertainment.",negative
i think the girls before the fight deserve the credit. i was up till 12 at night to watch the fight and it was a huge waste of my time.,negative
a 27 year old beating on a 58 year old is crazy work.,negative
i want to see round 2 of this fight.,negative
mike only lost because of age,negative
i want to file charges for money laundering because the fight was so horrible.,negative
paul is ridiculous as a 27 y old he can't beat 58 y old tyson,negative
"a 58 year old is still 58 years old, even if you are mike tyson. this was not fair.",negative
you know what i think. i think mike tyson lost the will to fight at one point. he wasn't mentally in it. his mind was probably speaking to him constantly telling him done. this isn't for you anymore. you thought it was but it isn't. everyone expect the young you and you not. you are old. your time is passed. stop fighting and just get the bag and move on.,negative
you people are real simpletons if you think a fight between a 58 guy who was knocked down in half his fights and a youtube guy was going to be exciting are idiots.,negative
mike is the same dude that advocate his love for boxing yet waste everything he advocate for this rigged fight. idc what people think but i lose all respect for mike. from legend to a sellout,negative
is anything real in the media anymore. man if this was rigged makes you wonder how many other sports are rigged.,negative
i will fight jake paul when he was 57,negative
he would have killed paul but he doesn't want to kill him cuz he's old and doesn't probably want to kill when he's old,negative
no it cant be noğŸ˜­ğŸ˜­ğŸ˜­,negative
jake was scared.. thats what i saw. after jake got that first hit. .. jake was all about catch me if you can old man.. scary old man.,negative
"it's so short, we could watch this fight in a gif",negative
"i look mikes leg moving, i look jake's and i wonder how this fight ever happened.",negative
"lame af. told everyone don't believe the hype. all about the money and nothing else and to be honest probably a distraction. even logan paul vs floyd mayweather you can hear logan say ""stop hitting me so hard it is an exhibition"" and look how lame and weak alot of  those punches are. i will still be standing no problem.",negative
if you paid money to watch jake paul play rockem sockem boppers with an elderly man....congratulations. you got scammed. you are the sucker that was born last minute.,negative
dont know why but i think â€¦ in this match the real mike tyson didnâ€™t playâ€¦. its not the  mike tyson i have heard since my childood â€¦.. really missed his fierce and speedy match,negative
its actually sad to see tyson loose,negative
ngl thats cap,neutral
"mike le gano 100%, mike es un gran guerrero.",neutral
wooooooow mike tayson es el mejor boxeador del mundo.,neutral
58æ­²çœŸçš„å·®å¾ˆå¤šï¼Œé–ƒé¿ï¼Œé«”åŠ›éƒ½æ¸›åŠäº†ï¼Œæ³°æ£®å¹´è¼•çš„æ™‚å€™é€™ç¨®å’–3å›åˆå…§è‚¯å®šå€’ä¸‹......ä¹Ÿæ²’æœ‰ç¬¬äºŒäººèƒ½è·Ÿå·”å³°æ™‚æœŸçš„æ³°æ£®ç¡¬é‹¼ï¼Œé€™ç¨®å’–åªèƒ½è€è€æŠ±æŠ±æ‹³,neutral
mike tyson age - 58 yearsjake paul age - 27 years,neutral
Ø¢ÙØ±ÛŒÙ† Ù¾ÛŒØ± Ú© Ø¨Ø§ Ø§ÛŒÙ† Ø³Ù† Ù†Ø§Ú© Ø§ÙˆØª Ù†Ø´Ø¯ Ùˆ Ù…Ù‚Ø§ÙˆÙ…Øª Ú©Ø±Ø¯ØŒØŒØŒ ÙÙ‚Ø· Ú†Ù† Ø§Ù…ØªÛŒØ§Ø² Ù¾Ø§ÙˆÙ„ Ø¨ÛŒØ´ØªØ± Ú¯Ø±ÙØª Ú© Ø¨Ø§Ø¹Ø« Ø¨ÙØ±Ø¯Ø´ Ø´Ø¯ØŒØŒØŒ,neutral
accept tate's offer to fight.,neutral
this is not mike tyson this is mike retyreson,neutral
o tyson Ã© incrivÃ©l ğŸ‘ğŸ‘ğŸ‘,neutral
think their age difference ....mike tyson was really g.o.a.t!!!,neutral
mike tyson wasn't allowed to try or knock him out,neutral
not right old vs yiung,neutral
scripted asf,neutral
this fully represents american and their fakeness,neutral
bro mike tyson is not even trying,neutral
this is scripted,neutral
they say his next opponent is muhammad ali,neutral
his next person would be muhammad ali,neutral
tyson silaa,neutral
parabÃ©ns bela luta justa mereceu ganhar ğŸ‘ğŸ‘ğŸ‘ğŸ‘ğŸ‘ğŸ‘,neutral
scripted,neutral
"jack paul not legend, mike tyson legend the boxing",neutral
prime mike tyson would have ate him.,neutral
cheingar,neutral
"bro, this video is scripted.",neutral
mike tyson lostjake paul.  wonboxing.       lostmoral : kamao bhosdike,neutral
jake paul w,neutral
"que vergonha para o maki desonrar os seus fÃ£s por causa de dinheiro, essa luta certeza foi comprada o maki teria esmagado esse cara com certeza",neutral
if only muhammad ali could witness this circus...,neutral
this makes me want to see real boxing now.  like one of naoya inoue's fights.,neutral
hype match isn't always a vibe match.,neutral
bro is over 60 years old but he's still standingğŸ˜®,neutral
el verdadero algo siento en mi cabeza:,neutral
this match was scripted for real for real for real,neutral
å±Œé‚£æ˜Ÿï¼Œé¬§åŠ‡,neutral
how old mike tyson did you know everyone?,neutral
ok.,neutral
"one word ""scripted""",neutral
sparring,neutral
can my comments get a 1million,neutral
why did people actually go? jake got some money. jake didn't deserve it.,neutral
jake thinks this is how slow prime mike was ğŸ’€,neutral
tyson legacy newer end,neutral
mammon vs jezebel,neutral
i am next i can do tyson with the same rulesğŸ¤«,neutral
i mean it was on netflix..what did u expect to happen??,neutral
i wonder how he felt after hitting a 58 old man age of his father.,neutral
couldn't even take down a 60 year old...,neutral
letâ€™s him rest,neutral
i cant watch this,neutral
tayson legend,neutral
mike tyson is 58 years old. jake paul literally needs to grow up.,neutral
jake paul 18:ğŸ¤¡mike tyson 18:ğŸ’€,neutral
mike should have only given him 40 seconds,neutral
young men vs old men,neutral
"as a non-boxer, it seems anyone could do this fight. just put on marshmallow gloves and youâ€™re good to make money.",neutral
what are you my tyson is 25. he break jake paul,neutral
25 mike tyson is gold player,neutral
foi gentil com o mike  tyson se quisesse derruba teria derrubado,neutral
basically the drake vs kendrick for boxing,neutral
"how'd you get over 2 and a half minutes of highlights? must have really stretched it out, huh?",neutral
why cant you measure,neutral
i reckon i went 3 rounds with mike tyson back in 1727.,neutral
diablo,neutral
bater nele veio aÃ­ sim queria ver nele maÃ­s novo da sua idade,neutral
i'm gonna get in their for you truston,neutral
this was last week?,neutral
this @#! is wack,neutral
is it me or i see andrew tate there,neutral
this is boxing?,neutral
,neutral
this is all business  games,neutral
un simple show esa pelea esta comprada,neutral
@espn you guys think thats a real match?,neutral
27 vs 58â€¦.worth itâ€¦fair enough ğŸ‘,neutral
this reminds me of this spider mancartoon i have in my other phone  where by they were doing boxing,neutral
ahora falta quien vengue a mike tison como el vengo a mohamed alli,neutral
guys! he is not mike ...he is a lookalike!,neutral
omgggggg,neutral
a mi se me hace q yo tmb empino al mike tyson,neutral
discgrace,neutral
Î¼Î¹Î± Î±Î½Ï„Î¹Î³ÏÎ±Ï†Î® Ï„Î¿Ï… rocky....,neutral
a luta foi boa mais maik tÃ¡ velho jÃ¡ pra isso,neutral
the long-tongued upstart was shot down once again,neutral
æ³°æ£®ç”¨ä»–çš„å¹´é½¡èˆ‡æ™ºæ…§ï¼Œå»è´å¾—äº†...æˆ‘æ˜¯èªªï¼Œå»è¼¸æ‰äº†é€™å€‹æ¯”è³½...,neutral
mike con la edad de paul ..lo mataba seguro mike con 30 aÃ±os menos lo lÃ­quida tiene casi 60 por dios,neutral
this is so barbaric.,neutral
my mum hits harder than either of these two.,neutral
gila si paul bisa menang. ini settingan apa enggk siech?? kok bisa,neutral
mike legend,neutral
teyson eres el mejor y jayk as tenido suerte,neutral
donâ€™t believe the hype,neutral
para Ã¶denmiÅŸ kurgu,neutral
yessss jakeeeee,neutral
mike's reflexes were second to none.,neutral
loud tiger,neutral
full estafa,neutral
mÃ¡s comprado que el Ã¡rbitro de la final del mundial 2018,neutral
mike tyson yani seni kaybetse de biz onun tarafÄ±ndayÄ±z,neutral
he chooses money over his legacy  mike tyson ğŸ˜‘ match fixed,neutral
tayson es unaaquina se dejÃ³ ganar e visto videos el entrenando y es una malina,neutral
que vergÃ¼enza miketizon,neutral
old kratos vs baldurâ¤â¤ğŸ˜¢ğŸ˜¢ğŸ˜¢,neutral
iâ€™ve watched wwe matches with less cooperation,neutral
iÌ‡nanÄ±lmaz dÃ¶yÃ¼ÅŸ sÉ™hnÉ™si,neutral
boo paul,neutral
zaman kaybÄ± bir maÃ§ ve video. izledim ve boÅŸuna zamanÄ±m gitti diye bileceÄŸim yegane videolardan biri,neutral
he is old,neutral
fix,neutral
bro it was scripted,neutral
Ù†Ø³Ø³,neutral
nmms,neutral
this match was the biggest fixed in an open world. mike did it just for money.,neutral
mike tyson is unavailable ğŸ’ª,neutral
27 vs 58,neutral
54 years grandpa by 27 years young boy ğŸ˜ª what could we expect?,neutral
"Ñ‚Ğ°Ğ¹ÑĞ¾Ğ½ Ğ¿Ğ¾Ğ±ĞµĞ´Ğ¸Ğ» Ğ±Ñ‹ Ğ¸ Ğ²ÑĞµ Ğ¼Ñ‹ Ğ·Ğ½Ğ°ĞµĞ¼ Ğ¿Ğ¾Ñ‡ĞµĞ¼Ñƒ Ğ¾Ğ½ Ğ¿Ñ€Ğ¾Ğ¸Ğ³Ñ€Ğ°Ğ»Ğ½Ğ¾ Ğ½Ğ°Ğ´Ğ¾ Ğ¾Ñ‚Ğ´Ğ°Ñ‚ÑŒ Ğ´Ğ¾Ğ»Ğ¶Ğ½Ğ¾Ğµ ÑĞ¾Ğ¿ĞµÑ€Ğ½Ğ¸ĞºÑƒ,Ñ Ğ±Ñ‹ Ğ½Ğµ Ñ…Ğ¾Ñ‚ĞµĞ» Ğ²Ñ‹Ñ…Ğ¾Ğ´Ğ¸Ñ‚ÑŒ Ğ¿Ñ€Ğ¾Ñ‚Ğ¸Ğ² Ñ‚Ğ°Ğ¹ÑĞ¾Ğ½Ğ° Ğ´Ğ°Ğ¶Ğµ Ğ·Ğ°Ğ²ĞµĞ´Ğ¾Ğ¼Ğ¾ Ğ·Ğ½Ğ°Ñ Ñ‡Ñ‚Ğ¾ Ñ Ğ²Ñ‹Ğ¹Ğ³Ñ€Ğ°Ñ",neutral
tyson has children who can be trained to become a new generation of boxers if the children are willing,neutral
jakes running away â€¦,neutral
bro was so hungry he ate his glove instead of his earğŸ’€,neutral
this was in my state,neutral
namestenooo,neutral
jake's next opponent will be the late maguila...clowningï¿¼ï¿¼,neutral
mike>>>>>>,neutral
"everyone is talking but also looking and watching, hypocrites!",neutral
paul vs mayweather next,neutral
"1 ano esperando a luta do ano, e o mike tyson perde.",neutral
lion is always lion ğŸ¦,neutral
adam hakkÄ±yla kazandÄ±,neutral
"people actually bet money on this, think about that",neutral
iÌ‡steseydi Ã§ok rahat nakavt ederdi,neutral
why do people say it a heist?,neutral
í—¬ì°½ë“¤ë„ ã„±ê¸€ ì—ì„œ ë²³í”„ë¦¬ ë³´ë©´ ê·¼ìœ¡ ë‹¤ë¹ ì§„ë‹¤ë©° ã…‹ã…‹ã…‹ã…‹ã…‹ã…‹ã…‹ã…‹ ì‚¬ì‹¤ì„? ã…‹ã…‹ã…‹ã…‹ã…‹,neutral
highlights?,neutral
let tyson rest his 54 years old,neutral
tyson is not even sweating...,neutral
what's this wwf ?,neutral
"if i were a little taller, i would put them both in the ring.",neutral
esos actores son buenos que loquera,neutral
jake paul keep running,neutral
is youtube boxing the new wwf of boxing??,neutral
es triste ver como el boxeo se a visto reducido a un nauseabundo circo,neutral
gotta give it to tyson though. the age gap. mike can take a hit! even at his age!,neutral
where are the highlights?,neutral
i'm ready to see the jake paul vs jimmy carter fight.,neutral
un aÃ±o antes esta pelea y tyson gana...perdio con el tiempo.,neutral
where was the tyson we saw in training?,neutral
father time is not unbeaten,neutral
"maike taisson nao perdeu pela   a idade, e sim por faltar folego, pois eu ja vi ele tragar cigarro, se ele nao fumasse, ele teria vencido!!!",neutral
"never thought he could be bought,judged his character wrong,money over morals",neutral
juÃ­zes idiotas....,neutral
i haven't seen this until now but i heard it was a pitching contest... thrown.,neutral
mike tyson mike tyson mike tyson the king of boxing ğŸ¥Š,neutral
bro it is scripted mike tyson never landed a hit,neutral
omg,neutral
mike tyson paraya ihtiyacÄ± vardÄ±.o asla yenilmedi.mike tyson hala bir kral benim iÃ§in.sen bir efsanesin dostum!ben herÅŸeyi biliyorum sen sahneye Ã§Ä±kmak zorunda kaldÄ±n.,neutral
amerikanische show,neutral
airon mike tyson gelmiÅŸ geÃ§miÅŸ en karizmatik en hÄ±zlÄ± en gaddar en psikopat boksÃ¶r prime dÃ¶nemi 20 yaÅŸÄ±ndaki halini kainatta gelmiÅŸ yada gelecek kimse yenemez,neutral
why mike?,neutral
"once a soldier is always a soldier. the experience is there , and the skill but the age and the health",neutral
i can beat jake paul,neutral
bravo tayzeun,neutral
if mike tyson was in his prime jake would've been done for bro,neutral
mike forgot that he was almost 60,neutral
you can literally see mike tyson trying not to slip in a left hook...,neutral
se aveva 15 anni meno tayson gia eri a terra,neutral
money grab!,neutral
bro jake paul quedo destrosado mientras que mike tyson estaba ultra fresco,neutral
20 yÄ±l Ã¶nceki mike tyson olsaydÄ± tek roundlÄ±k iÅŸi vardÄ±,neutral
arreglado...,neutral
una felle buffonate piÃ¹ assurde di sempre. tyson l'avrebbe potuto mettere ko in qualsiasi momento.,neutral
thats scripted,neutral
"sembra che tyson non voleva vincere per k.o. sembra che tyson invece di comportarsi come un avversario si comportava come uno ""sparring partner""",neutral
this was scripted,neutral
heâ€™s 60 yrs old. mike is a specimen,neutral
mejor hacer esto para ganar dinero que tomar un arma para delinquir,neutral
now imagine if there was prime mike ğŸ’€,neutral
bu ne amk,neutral
tayson seliy,neutral
if tyson was younger jake would be cooked,neutral
maiiii te quiero ğŸ‡µğŸ‡ªğŸ‡µğŸ‡ª,neutral
"when i look at uncle tyson, i remember our grandfather, wrestler haji mukan munaitpasov.",neutral
hey mike why are you bitting your gloves,neutral
senior vs senior young vs senior,neutral
"when your reflexes part ways, then this is inevitable!!!",neutral
not jake paul beat tyson but his own age!!!,neutral
age can be so merciless i just witnessed it!!!,neutral
blat,neutral
"mike tyson not real fight""i can see",neutral
if you bet on this in any form you need to call the gambling hotline immediately,neutral
el boxeo perdiendo su ultima pelea,neutral
pacman vs jake paul,neutral
mike tyson sold.,neutral
staged. bye,neutral
"i have spent many years sparring with professional boxers. in my experience, the only reason tyson bit his gloves was to control his counter-punching reflexes. had he countered as he usually does, he would have knocked paul out.",neutral
my nhÆ°á»ng rÃµ rÃ ng,neutral
get ou-,neutral
jake sabe que si le bajas 15 aÃ±os a  tyson te mata,neutral
"tyson how could you let west african do this tyson hes african f that whiteman stuff hes african west african tyson im pulling power plugs out wall ,",neutral
taysn uz davrida buni 1chi raunda  nagdavn qilardi,neutral
jack paul vs carl fredricksen!!!,neutral
jake,neutral
old mike is monster,neutral
ã„±ê¸€ ì—ì„œ ë²³í”„ë¦¬ ë³´ê³  ë‚˜ë©´ ë‹¤ë‚µì§ˆ ë³´ì¶©ì œ í•œì‚¬ë°œ ë¹¨ì•„ì•¼ í•œë‹¤ëŠ”ê·¸ë°ë†ˆ ì˜ì‚¬ ì‹¤ã„±ì¸ê¸€ê°€ ìš”ì—?ì„œ? ë²³í”„ë¦¬ ëŒ“ê¸€ ã…ˆ ë‚˜ë§ë„¤ ê·¸,neutral
a 58 yr vs a 27yr,neutral
i worder what it feels to punch a 60plus years old man on the face ğŸ¤”ğŸ¤”ğŸ¤”,neutral
what highlights?,neutral
kiedyÅ› tyson by go zabiÅ‚,neutral
jake paul: i like my boxing ğŸ¥Š match rigged ğŸ—£ bruh!,neutral
i came here just to read the comments...,neutral
roblox servers got competition,neutral
bro mike tyson is already getting old,neutral
staged,neutral
íƒ€ì´ìŠ¨ì´ì œì´í¬í´í•œí…Œ ì–¼ë§ˆë¥¼ë°›ê³ koì‹œí‚¤ì§€ì•Šì€ê±¸ê¹Œ,neutral
ã„±ê¸€ ì—ì„œ ë²³í”„ë¦¬ ì§„ì§œ ë³´ë‹¤ë³´ë©´ ë¹ ì ¸ë“ ë‹¤ ë¼ì´ë¸Œì— ìˆ˜ìœ„ë„ì¢‹ê³  ì™¸ëª¨ë„ ì¢‹ê³  ã„±ì‚¼ê¸€ë°• ìì— ì„œì§€ ë €ë²³í”„ìœ¼ë¦¬ ë³´ëŠë¼ ëˆˆë°‘ì—ê¹Œì§€ ë‹¤í¬ì¨,neutral
"i'd rather watch them in a half sized ring, 1 minute going all out for 5 rounds",neutral
scripted jake paul was so scared he paid mike tyson 20 mil for him to win,neutral
í—¬ì°½ë“¤ë„ ã„±ê¸€ ì—ì„œ ë²³í”„ë¦¬ ë³´ë©´ ê·¼ìœ¡ ë‹¤ë¹ ì§„ë‹¤ë©° ã…‹ã…‹ã…‹ã…‹ã…‹ã…‹ã…‹ã…‹ ì‚¬ì‹¤ì„? ã…‹ã…‹ã…‹,neutral
ew,neutral
parecÃ­a mr satan vs un sÃºper sayayin jajja re armado re pagado a tyson,neutral
tyson',neutral
if tyron was in his prime then paul would be â˜ ,neutral
what if prime mike tyson was thereğŸ’€,neutral
man the comments section here is toxic. don't watch boxing if you don't like it. thought this as pretty basic match. no big knock outs.,neutral
wwe/pro wrestling......just different.,neutral
fckin setup match !,neutral
everyone have a point in there life  when they are on the prime.... here its jake pauls prime... what if prime mike tyson does vs with jake paul,neutral
i guest now mike understands how ali felt after his head injury he felt  like he could still do it but it just wouldnt deliver the same,neutral
bread,neutral
mike just wanted money,neutral
jake wasnâ€™t even able to scratch himâ˜ ï¸,neutral
tetap jadi legenda..,neutral
tyson is old now but if hes on his prime jake is cooked,neutral
it was on the same caliber as all of netflix's other offerings.,neutral
next match jake paul vs brock lesnar,neutral
sungguh  memalukan kamu jek paul,neutral
what if mike was in his prime bro would be done for,neutral
"why would the ref say ""don't measure""?",neutral
they were hella glazing jake they slowed down most of jake paulâ€™s punches but they didnâ€™t do that for mike,neutral
what about 20 years old mike ? 1 round out by mike,neutral
has this match been set up in such a way?,neutral
jake will next take on joe biden.,neutral
mike jÃ¡ teve o seu auge.,neutral
tyson you robbed us!!! as black men we looked up to you guy,neutral
tyson took the fall for money,neutral
fraude,neutral
"i think if mike would have been 8 years younger, he would have knocked out paul",neutral
mike tyson foi uma derrota para todos nÃ³s o infruencer deu uma surra nele kkkkkkkk,neutral
when is the rematch?,neutral
i guess they both got paid.,neutral
le doliÃ³ desprenderse de su reinado pero el dinero es el dinero ...,neutral
zalenoff vs mike,neutral
ariel rimmed logan,neutral
"aquÃ­ los apostado res perdemos, toda las apuestas estaban con tyson",neutral
y q dice el pÃºblico?  yo digo q ya lo ubiera noqueado en el primer asalto en sus tiempos,neutral
it was scdripted,neutral
potta paul,neutral
bro beat up a man twice his age (29 and 58) and thought he did something,neutral
what was logan paul doing in the back-? ğŸ’€,neutral
its old man tyson bro,neutral
"this is scripted, they are just doing it for the money",neutral
he will always be the king of boxing mike tyson ğŸ‘‘,neutral
vamos tyson revancha enseÃ±ale a ese milenial como se masacra en la revancha ğŸ’ª,neutral
mike tyson:lock inhis apponent'ğŸ§“',neutral
"i expected b@llock for the sh@@ple, but it went beoynd , thanx to pfizer and moderna ...we are at the new level",neutral
tyson so older,neutral
mike was tickling him,neutral
mike 4 ever,neutral
eessa luta Ã© para promover esse lutador novo,neutral
com on now thatâ€™s mike tyson he can easily knock him out dis rigged shid,neutral
it's completely scripted .. jake is kid in front of legendary mike tyson,neutral
"who watched it, even bet on, is a real patriot!",neutral
"andaikan mike tyson semuda jack paul, maka ia akan membuat jack paul merintih di atas ring",neutral
why jake paulina???,neutral
qtas vezes o tyson segurou a mao umas 8 vezes. kkkkk,neutral
privada gamer 3000,neutral
what's happened to mike,neutral
jake paul vs joe bidden,neutral
"la pelea mas falsa, guionizada, truca de la historia",neutral
fue una buena pelea.,neutral
Ø§ÙŠØ´ Ù‡Ø°Ø§ Ø§Ù„ÙØ§ÙŠØª Ù…Ø±Ù‡ ÙŠØ­Ø²Ù†,neutral
"tyson Ã© um dos maiores guerreiros de tds os tempos em um ringue, e na vd sou fÃ£ d+!",neutral
tyson sotilgan trenirovka qigan videosini korganimda boshqa tyson,neutral
i think this is scripted match,neutral
the fact that the highlights are literally 2 minutes long,neutral
â€˜fight highlightsâ€™ should be fined under the false advertising act!!!,neutral
old machine..,neutral
"Ğ´Ğ° Ğ½Ñƒ Ğ½Ğ°Ñ…ÑƒĞ¹ Ğ¿Ğ¾Ğ»Ğ°...Ğ¶ÑƒĞ»ĞµĞ·ÑĞºĞ° ĞµĞ³Ğ¾ Ğ¿Ğ¾ÑˆÑĞ´Ğ¸Ğ»..Ğ²Ğ¸Ğ´Ğ½Ğ¾ Ğ²Ğ¾ Ğ¼Ğ½Ğ¾Ğ³Ğ¸Ñ… Ğ¼Ğ¾Ğ¼ĞµĞ½Ñ‚Ğ°Ñ…..Ğ¸ ĞµÑˆÑ‘ Ğ¼Ğ°Ğ¼Ñƒ Ğ½Ğµ Ğ´Ñ€Ğ°Ğ»ÑÑ Ğ¿Ğ¾ Ğ¿Ğ¾Ğ»Ğ½Ğ¾Ğ¹,Ğ±Ğ»Ğ¸Ğ·ĞºĞ¾ Ğ½Ğµ Ğ¿Ğ¾Ğ´Ñ…Ğ¾Ğ´Ğ¸Ğ» ÑĞ²Ğ¾Ğ¸Ğ¼Ğ¸ ĞºÑƒĞ»Ğ°ĞºĞ°Ğ¼Ğ¸..Ğ¿Ñ€Ğ°Ğ²Ğ¸Ğ»ÑŒĞ½Ğ¾ ÑĞºĞ°Ğ·Ğ°Ğ» Ñ‚Ñ€ĞµĞ½ĞµÑ€",neutral
dont do a so called revenche !,neutral
two clowns....,neutral
what did you all expect,neutral
"money grab, plain and simple.",neutral
"se paul avesse affrontato il tyson di 30 anni fa, sarebbe finito al tappeto dopo una manciata di secondi..",neutral
queia ver ele enfrentar mike com a mesma idade que ele kkk nÃ£o rinha coragem nem de subir ao ringue tenho certeza...,neutral
"mucho respeto a tyson, se lo merece, aÃºn se vio peligroso pero, se cansÃ³ y eso es normal. buen espectÃ¡culo dieron y todo saliÃ³ bien",neutral
"ÑĞ°Ğ¼Ñ‹Ğ¹ Ğ¿Ğ¾Ğ·Ğ¾Ñ€Ğ½Ñ‹Ğ¹ Ğ±Ğ¾Ğ¹ Ğ² ÑÑƒĞ´Ğ±Ğµ Ğ¾Ğ±Ğ¾Ğ¸Ñ… : Ñ‚Ğ°Ğ¹ÑĞ¾Ğ½ Ğ¿Ğ¾Ñ‚ĞµÑ€ÑĞ» Ğ°Ğ²Ñ‚Ğ¾Ñ€Ğ¸Ñ‚ĞµÑ‚ , Ğ´Ğ¶ĞµĞ¹Ğº - Ñ€Ğ°Ğ´ Ğ¿Ğ¸Ñ€Ğ¾Ğ²Ğ¾Ğ¹ Ğ¿Ğ¾Ğ±ĞµĞ´Ğµ. Ğ¸Ñ‚Ğ¾Ğ³ ÑÑ‚Ğ¾ Ğ½Ğµ Ğ±Ğ¾ĞºÑ -ÑÑ‚Ğ¾ Ğ´ĞµÑ€ÑŒĞ¼Ğ¾",neutral
subscriber bada dawai hai carrier,neutral
imagine prime mile tyson,neutral
bravooooooooooo jake paulll,neutral
this is pointless,neutral
espn get that yung whipper snapper on the hot line bling,neutral
"tayson ni yoshligida roÊ»para kelganingda,koÊ»tingni karragini sindirib yuboraydi",neutral
58 year old grandpa v.s. 27 year old infant.,neutral
i call dibs on the black guy!!!,neutral
mike tyson vs. jake paul >> mayweather vs. mcgregor,neutral
salam dari indonesia saya bangansama mr tsyon,neutral
when you know match is fixed ğŸ˜œ,neutral
kendiÌ‡niÌ‡ deÄŸiÌ‡l ..Ã§ocukluÄŸumuzu sattin miÌ‡keee,neutral
i don't even know that tyson is trying,neutral
"tyson is old,but the lion is still lion",neutral
old legendğŸ«¡ğŸ«¡ğŸ«¡ğŸ«¡ğŸ«¡ğŸ«¡,neutral
arreglado,neutral
Ğ¿Ğ¾Ğ´Ğ½ÑĞ»Ğ¸ Ğ±Ğ°Ğ±Ğ»Ğ°,neutral
aveces hay que perder para ganar,neutral
people who know it was scripted,neutral
deal,neutral
modi vs rahul gandhi in another universe.,neutral
such bs.,neutral
tÃ¼rkÃ§e yorum butonuyum ğŸš¨,neutral
this all scripted,neutral
"mike had to slow himself down, he was too fast for the script",neutral
taysonğŸ¥ºğŸ¥º,neutral
